id,name,which_shop,enter_price,out_price,currency,count_type,date_added,exchange_rate,in_stock,count,description,category,video
23,Surney oq,1,0.37,1.0,USD,D,2024-06-21,12700.00,True,499,,,
16,1K mers malish oq,1,0.142,1.0,USD,D,2024-06-21,12700.00,True,773,,,
9,1K 45Gaz,1,0.43,1.0,USD,D,2024-06-21,12700.00,True,196,,,
47,Salon 39mm arzoni qora platali 12V,1,0.158,1.0,USD,D,2024-06-21,12700.00,True,121,,,
70,2k 64 gaz sarq gupka,1,0.748,1.0,USD,D,2024-06-21,12700.00,True,60,,,
32,malish kalbosh oq 24v,1,0.24,1.0,USD,D,2024-06-21,12700.00,True,254,,,
39,Sasulka oq,1,0.15,1.0,USD,D,2024-06-21,12700.00,True,479,,,
38,Malish plyo'nka sariq 12V,1,0.119,1.0,USD,D,2024-06-21,12700.00,True,58,,,
72,15 gaz bit ko'z oq 12V,1,0.291,1.0,USD,D,2024-06-21,12700.00,True,342,,,
15,1K mers malish sariq,1,0.142,1.0,USD,D,2024-06-21,12700.00,True,222,,,
63,bez sokl kaplya qiz,1,0.27,1.0,USD,D,2024-06-21,12700.00,True,24,,,
1,1K magam oq,1,0.944,1.0,USD,D,2024-06-21,12700.00,True,262,,,
29,T15 N2 N3 Qora lupali,1,0.78,1.0,USD,D,2024-06-21,12700.00,True,148,,,
10,T20 mers 1K,1,0.35,1.0,USD,D,2024-06-21,12700.00,True,146,,,
26,T20 BJ 1K  oq,1,0.95,1.0,USD,D,2024-06-21,12700.00,True,145,,,
67,1k 64 gaz gupka qizil,1,0.748,1.0,USD,D,2024-06-21,12700.00,True,83,,,
24,Fleshka12ko'z  tufta,1,0.158,1.0,USD,D,2024-06-21,12700.00,True,443,,,
20,2K 33Gaz oq,1,0.32,1.0,USD,D,2024-06-21,12700.00,True,133,,,
62,bez sokl kaplya ko'k,1,0.27,1.0,USD,D,2024-06-21,12700.00,True,51,,,
30,malish kalbosh malibu 24v,1,0.24,1.0,USD,D,2024-06-21,12700.00,True,200,,,
141,T15 Ko'k platali N2 N3 zadniy,1,0.433,1.0,USD,D,2024-06-22,12700.00,True,1,,,
122,T20 kullerli sariq 1k,1,5.8,1.0,USD,D,2024-06-22,12700.00,True,2,,,
120,1k Mayda kozli Svetafor,1,2.55,1000.0,USD,D,2024-06-21,12700.00,True,4,,,
6,1K 54gaz,1,0.36,1.0,USD,D,2024-06-21,12700.00,True,402,,,
45,BJ salon 31mm oq,1,0.213,1.0,USD,D,2024-06-21,12700.00,True,233,,,
119,2k svetafor oq +sariq,1,2.55,1000.0,USD,D,2024-06-21,12700.00,True,0,,,
25,T20 BJ  2K  oq,1,0.95,1.0,USD,D,2024-06-21,12700.00,True,400,,,
37,Malish plyonka qizil 12V,1,0.119,1.0,USD,D,2024-06-21,12700.00,True,71,,,
17,1K 80w oq,1,0.79,1.0,USD,D,2024-06-21,12700.00,True,147,,,
59,Bez sokl magam mal,1,0.12,1.0,USD,D,2024-06-21,12700.00,True,161,,,
57,semechka 3koz mal 12V,1,0.095,1.0,USD,D,2024-06-21,12700.00,True,452,,,
848,AKULA ANTENA JEMCHUK,1,4.75,5.0,USD,D,2024-06-30,12700.00,True,8,,,
65,1k mers kotta oq,1,0.9,1.0,USD,D,2024-06-21,12700.00,True,14,,,
31,rezina g'isht,1,0.12,1.0,USD,D,2024-06-21,12700.00,True,115,,,
33,2K BJ 33Gaz oq,1,0.95,1.0,USD,D,2024-06-21,12700.00,True,247,,,
58,Semechka 2 koz mal 12V,1,0.095,1.0,USD,D,2024-06-21,12700.00,True,1085,,,
64,T15 N2 N3 45gaz oq 12V,1,0.314,1.0,USD,D,2024-06-21,12700.00,True,603,,,
11,2K sariq dnevnoy,1,0.4,1.0,USD,D,2024-06-21,12700.00,True,81,,,
68,1k bomba qiz,1,0.75,1.0,USD,D,2024-06-21,12780.00,True,0,,,
48,Salon 41mm arzoni qora platali 12V,1,0.18,1.0,USD,D,2024-06-21,12700.00,True,487,,,
13,T20 45Gaz  oq 1K,1,0.434,1.0,USD,D,2024-06-21,12700.00,True,122,,,
7,1K bomba Mega,1,0.99,1.0,USD,D,2024-06-21,12700.00,True,189,,,
8,2K oq + sariq,1,0.98,1.0,USD,D,2024-06-21,12700.00,True,95,,,
18,2K 33Gaz sariq,1,0.32,1.0,USD,D,2024-06-21,12700.00,True,148,,,
21,1K dnevnoy oq,1,0.4,1.0,USD,D,2024-06-21,12700.00,True,65,,,
2,2K magam oq,1,0.94,1.0,USD,D,2024-06-21,12700.00,True,143,,,
5,1K magam qizil,1,0.94,1.0,USD,D,2024-06-21,12700.00,True,145,,,
50,Salon 31 mm oq plata  oq 12V,1,0.142,1.0,USD,D,2024-06-21,12700.00,True,19,,,
926,GALOGEN Osram 100/90,1,1.55,1.65,USD,D,2024-07-12,12700.00,True,241,,,
69,2k migalka qiz,1,0.28,1.0,USD,D,2024-06-21,12700.00,True,19,,,
49,Semechka gold oq,1,0.118,1.0,USD,D,2024-06-21,12700.00,True,3015,,,
73,Bez  so'kl  magam oq   12V,1,0.122,1.0,USD,D,2024-06-21,12700.00,True,208,,,
66,Malish PULIYA,1,1.275,1.0,USD,D,2024-06-21,12700.00,True,63,,,
43,BJ salon 39mm oq 12V,1,0.213,1.0,USD,D,2024-06-21,12700.00,True,200,,,
34,1K BJ oq,1,0.9,1.0,USD,D,2024-06-21,12700.00,True,207,,,
44,BJ salon 36mm oq 12V,1,0.213,1.0,USD,D,2024-06-21,12700.00,True,36,,,
52,Semechka qizil arz 12V,1,0.029,1.0,USD,D,2024-06-21,12700.00,True,1996,,,
19,1K 33Gaz oq,1,0.32,1.0,USD,D,2024-06-21,12700.00,True,209,,,
3,2K magam sariq,1,0.94,1.0,USD,D,2024-06-21,12700.00,True,102,,,
35,T15 Xrustal Nexia 2 - Nexia 3 zad oq,1,0.354,1.0,USD,D,2024-06-21,12700.00,True,0,,,
117,kullerli 1k sariq svetafo'r,1,5.8,1000.0,USD,D,2024-06-21,12700.00,True,8,,,
116,Salon radiatorli  41mm oq 12V,1,0.24,1.0,USD,D,2024-06-21,12700.00,True,81,,,
114,Salon radiatorli 36mm oq 12V,1,0.24,1.0,USD,D,2024-06-21,12700.00,True,8,,,
130,1k xrustal 24V,1,0.28,1.0,USD,D,2024-06-22,12700.00,True,100,,,
93,15 gaz bit ko'z sariq 12V,1,0.291,1.0,USD,D,2024-06-21,12700.00,True,20,,,
79,Lacetti tablo' dio'd qizil,1,0.11,1.0,USD,D,2024-06-21,12700.00,True,150,,,
123,T20 kullerli oq 2k,1,5.8,1.0,USD,D,2024-06-22,12700.00,True,2,,,
125,1k svetafor oq,1,2.55,1.0,USD,D,2024-06-22,12700.00,True,2,,,
286,TUM DAYTIME OQ,1,1.74,2.0,USD,D,2024-06-24,12780.00,True,7,,,
134,BJ Salo'n 36mm 24V,1,0.28,1.0,USD,D,2024-06-22,12700.00,True,110,,,
112,Keramika 8 ko'z sariq,1,0.35,1.0,USD,D,2024-06-21,12700.00,True,259,,,
295,TUM DAYTIME MIGALKA,1,2.2,3.0,USD,D,2024-06-24,12780.00,True,1,,,
138,BJ Salo'n 41mm 24V,1,0.28,1.0,USD,D,2024-06-22,12700.00,True,50,,,
88,Rezina malish oq,1,0.12,1.0,USD,D,2024-06-21,12700.00,True,5,,,
118,kullerli2k sariq svetafo'r,1,5.8,1000.0,USD,D,2024-06-21,12700.00,True,10,,,
126,1k svetafor kotta qizil,1,2.55,1.0,USD,D,2024-06-22,12700.00,True,14,,,
127,1k svetafor kotta sariq,1,2.55,1.0,USD,D,2024-06-22,12700.00,True,8,,,
128,1k svetafor kotta sariq,1,2.55,1.0,USD,D,2024-06-22,12700.00,True,8,,,
102,Salo'n plyo'nka 36mm,1,0.103,1.0,USD,D,2024-06-21,12700.00,True,27,,,
104,Bez so'kl kapliya mal,1,0.28,1.0,USD,D,2024-06-21,12700.00,True,10,,,
124,1k sariq svetafor,1,2.55,1.0,USD,D,2024-06-22,12700.00,True,8,,,
129,2k svetafor kotta sariq,1,2.55,1.0,USD,D,2024-06-22,12700.00,True,22,,,
113,Keramika 8 ko'z oq,1,0.35,1.0,USD,D,2024-06-21,12700.00,True,254,,,
121,1k ro'bot svetafo'r,1,2.55,1000.0,USD,D,2024-06-21,12700.00,True,6,,,
145,BJ salon 36mm 24V,1,0.28,1.0,USD,D,2024-06-24,12700.00,True,110,,,
103,Bez so'kl 12V sariq,1,0.28,1.0,USD,D,2024-06-21,12700.00,True,23,,,
100,Archa bez so'kl 12V,1,0.192,1.0,USD,D,2024-06-21,12700.00,True,16,,,
150,Koito 1k kok,1,0.18,1.0,USD,D,2024-06-24,12700.00,True,110,,,
151,Koito 2k kok,1,0.18,1.0,USD,D,2024-06-24,12700.00,True,160,,,
156,PI 8 LED 50W,1,19.5,22.0,USD,D,2024-06-24,12700.00,True,4,,,
148,Koito 1k sariq,1,0.18,1.0,USD,D,2024-06-24,12700.00,True,271,,,
82,Bez so'kl magam qizil 12V,1,0.122,1.0,USD,D,2024-06-21,12700.00,True,7,,,
84,Spiral oq,1,0.189,1.0,USD,D,2024-06-21,12700.00,True,14,,,
96,1k lupa qizil svetafor,1,2.55,1.0,USD,D,2024-06-21,12700.00,True,14,,,
91,27 gaz bez so'kl,1,0.37,1.0,USD,D,2024-06-21,12700.00,True,2,,,
97,T20 2k kullerli sariq,1,5.8,1.0,USD,D,2024-06-21,12700.00,True,11,,,
94,semechka 7ko'z oq 12V,1,0.142,1.0,USD,D,2024-06-21,12700.00,True,144,,,
108,Keramika 6 ko'z sariq 12V,1,0.217,1.0,USD,D,2024-06-21,12700.00,True,249,,,
110,Keramika 6 ko'z mal,1,0.23,1.0,USD,D,2024-06-21,12700.00,True,313,,,
86,Spiral sariq,1,0.189,1.0,USD,D,2024-06-21,12700.00,True,208,,,
133,Pribo'r xrustal 24V oq,1,0.14,0.15,USD,D,2024-06-22,12700.00,True,226,,,
107,3ko'z lupa bez so'kl xrustal,1,0.142,1.0,USD,D,2024-06-21,12700.00,True,0,,,
164,MI2 LED H7,1,3.5,1.0,USD,D,2024-06-24,12700.00,True,0,,,
136,BJ Salo'n 39MM 24V,1,0.28,1.0,USD,D,2024-06-22,12700.00,True,30,,,
109,Keramika 6 ko'z qizil 12V,1,0.217,1.0,USD,D,2024-06-21,12700.00,True,191,,,
76,Lacetti tablo' dio'd oq,1,0.11,1.0,USD,D,2024-06-21,12700.00,True,176,,,
89,1k bomba oq,1,0.75,1.0,USD,D,2024-06-21,12780.00,True,2142,,,
53,Semechka kok arz 12V,1,0.029,1.0,USD,D,2024-06-21,12700.00,True,1874,,,
106,Farfo'r bez so'kl oq,1,0.087,1.0,USD,D,2024-06-21,12700.00,True,9,,,
81,Bez so'kl prazrachniy 12V,1,0.102,1.0,USD,D,2024-06-21,12700.00,True,359,,,
92,12-24V bez so'kl,1,1.031,1.0,USD,D,2024-06-21,12700.00,True,71,,,
137,BJ Salo'n 31MM 24V,1,0.28,1.0,USD,D,2024-06-22,12700.00,True,61,,,
85,Spiral qizil,1,0.189,1.0,USD,D,2024-06-21,12700.00,True,47,,,
95,Kullerli 1k qizil,1,5.8,1.0,USD,D,2024-06-21,12700.00,True,14,,,
115,Salon radiatorli 39mm oq12V,1,0.24,1.0,USD,D,2024-06-21,12700.00,True,85,,,
153,Perekurivatel 800A,1,3.9,11.0,USD,D,2024-06-24,12700.00,True,-21,,,
87,Bez so'kl rezina oq,1,0.12,1.0,USD,D,2024-06-21,12700.00,True,74,,,
78,Lacetti tablo' dio'd ko'k,1,0.11,1.0,USD,D,2024-06-21,12700.00,True,121,,,
80,Bez so'kl magam sarq 12V,1,0.122,1.0,USD,D,2024-06-21,12700.00,True,62,,,
75,Pribo'r xrustal 12V,1,0.114,1.0,USD,D,2024-06-21,12700.00,True,636,,,
111,Keramika 8 ko'z qizil,1,0.354,1.0,USD,D,2024-06-21,12700.00,True,197,,,
101,Fleshka oq arzoni,1,0.12,1.0,USD,D,2024-06-21,12700.00,True,1,,,
201,Magicar 01,1,8.3,11.0,USD,D,2024-06-24,12700.00,True,5,,,
169,REVO 9006,1,11.0,11.0,USD,D,2024-06-24,12700.00,True,5,,,
234,IMULATOR 201,1,2.35,3.0,USD,D,2024-06-24,12700.00,True,113,,,
186,Nomer yozuv,1,0.7,1.0,USD,D,2024-06-24,12700.00,True,8,,,
188,Anti dol kok,1,1.0,1.0,USD,D,2024-06-24,12700.00,True,4,,,
172,LED V3 H11,1,8.5,1.0,USD,D,2024-06-24,12700.00,True,5,,,
213,OSV SMALOY KUKURUZ,1,3.6,4.0,USD,D,2024-06-24,12700.00,True,3,,,
191,Pult gabarit  RGB are,1,2.8,3.0,USD,D,2024-06-24,12700.00,True,31,,,
224,FENIKS 1K ODDIY,1,0.09,0.12,USD,D,2024-06-24,12700.00,True,647,,,
226,LIPUCHKA INGICHKA,1,0.1,0.12,USD,D,2024-06-24,12700.00,True,812,,,
222,FENIKS 1K SARIQ,1,0.12,0.16,USD,D,2024-06-24,12700.00,True,865,,,
216,shteker KNOPKA 01 KVADRAT,1,0.1,0.15,USD,D,2024-06-24,12700.00,True,1478,,,
196,Osram H7 55W cool blue,1,4.1,5.0,USD,D,2024-06-24,12700.00,True,42,,,
227,LIPUCHKA QALIN,1,0.28,0.25,USD,D,2024-06-24,12700.00,True,217,,,
159,LED V5 LED H1,1,15.0,1.0,USD,D,2024-06-24,12700.00,True,5,,,
190,Ekvalayzer pechka F1,1,4.85,5.0,USD,D,2024-06-24,12700.00,True,29,,,
203,Magicar 08,1,8.3,9.0,USD,D,2024-06-24,12700.00,True,0,,,
161,LED F10 H7,1,4.0,1.0,USD,D,2024-06-24,12700.00,True,74,,,
158,LED V5 LED H11,1,15.0,16.0,USD,D,2024-06-24,12700.00,True,1,,,
215,SNAIL HORN 24V,1,2.0,1.0,USD,D,2024-06-24,12700.00,True,5,,,
1106,test 12,1,10.0,15.0,USD,D,2024-10-09,12850.00,True,100,,,
165,MI2 LED H4,1,4.0,4.0,USD,D,2024-06-24,12700.00,True,3,,,
170,LED V3 880,1,8.5,1.0,USD,D,2024-06-24,12700.00,True,1,,,
206,F-4 tulpan,1,8.5,12.0,USD,D,2024-06-24,12700.00,True,7,,,
220,shteker KNOPKA GUPKA,1,0.11,0.15,USD,D,2024-06-24,12700.00,True,17,,,
212,OSV VERTALYOT VAYENNIY,1,3.1,3.5,USD,D,2024-06-24,12700.00,True,28,,,
205,Magicar Mers vito,1,8.3,9.0,USD,D,2024-06-24,12700.00,True,1,,,
179,Interpol karney,1,3.0,1.0,USD,D,2024-06-24,12700.00,True,29,,,
195,OSRAM H355W,1,0.8,1.0,USD,D,2024-06-24,12780.00,True,114,,,
187,Anti doj,1,1.0,1.0,USD,D,2024-06-24,12700.00,True,15,,,
225,FENIKS 2K ODDIY,1,0.09,0.11,USD,D,2024-06-24,12700.00,True,644,,,
160,LED F10 880,1,4.2,5.0,USD,D,2024-06-24,12700.00,True,0,,,
180,Glushitel nasadka yonadigoni,1,11.8,12.0,USD,D,2024-06-24,12700.00,True,0,,,
207,F-8 TULPAN,1,7.5,1.0,USD,D,2024-06-24,12700.00,True,4,,,
173,Malibu len 1m,1,0.78,1.0,USD,D,2024-06-24,12700.00,True,27,,,
235,START STOP OQ,1,35.0,40.0,USD,D,2024-06-24,12700.00,True,9,,,
210,FOCAL TULPAN,1,9.0,10.0,USD,D,2024-06-24,12700.00,True,7,,,
98,bez so'kl popularniy oq,1,0.16,1.0,USD,D,2024-06-21,12700.00,True,32,,,
99,So'ska bez so'kl,1,0.102,1.0,USD,D,2024-06-21,12700.00,True,41,,,
232,ADAPTER 30A KICHIG,1,4.2,5.0,USD,D,2024-06-24,12700.00,True,6,,,
1116,a1,4,3.0,5.0,USD,D,2024-11-16,12800.00,True,83,,,
197,Magicar red line,1,10.5,11.0,USD,D,2024-06-24,12700.00,True,6,,,
202,Magicar BMW,1,8.3,9.0,USD,D,2024-06-24,12700.00,True,5,,,
178,OSV Uvlajnitel plastic qora,1,3.4,4.0,USD,D,2024-06-24,12700.00,True,41,,,
177,Pentium shisha H7,1,10.0,11.0,USD,D,2024-06-24,12700.00,True,2,,,
162,LED F10 H1,1,4.2,1.0,USD,D,2024-06-24,12700.00,True,25,,,
198,Magicar mers,1,8.3,8.5,USD,D,2024-06-24,12700.00,True,3,,,
185,IPOP seriy,1,0.61,1.0,USD,D,2024-06-24,12700.00,True,37,,,
208,Soniy q6 tulpan,1,5.0,7.0,USD,D,2024-06-24,12700.00,True,12,,,
211,PIONEER TULPAN BD-8,1,2.8,3.0,USD,D,2024-06-24,12700.00,True,30,,,
230,KING DONA,1,0.9,1.0,USD,D,2024-06-24,12700.00,False,264,,,
189,A+B  Kichigi,1,0.18,1.0,USD,D,2024-06-24,12700.00,True,5,,,
181,Rul chexol carbon BOSS,1,2.757,1.0,USD,D,2024-06-24,12700.00,True,1,,,
171,LED V3 H1,1,8.5,1.0,USD,D,2024-06-24,12700.00,True,8,,,
199,Magicar new kalit,1,10.5,11.0,USD,D,2024-06-24,12700.00,True,2,,,
200,Magicar 177,1,8.3,8.5,USD,D,2024-06-24,12700.00,True,4,,,
214,SIGNAL RAY 24V,1,7.0,1.0,USD,D,2024-06-24,12700.00,True,2,,,
174,Malibu len 2m,1,1.03,2.0,USD,D,2024-06-24,12700.00,True,0,,,
182,Rul chex qizil ip BOSS,1,1.3,1.6,USD,D,2024-06-24,12700.00,True,20,,,
241,MIGALICHKA  MAGNITLI  4 TALIGI,1,1.0,1.0,USD,D,2024-06-24,12700.00,True,8,,,
260,PEJER SHISHASI,1,0.0,0.0,USD,D,2024-06-24,12700.00,True,5,,,
265,NEON QIZIL 24V,1,5.35,6.0,USD,D,2024-06-24,12700.00,True,5,,,
266,NEON SARIQ 24V,1,5.35,6.0,USD,D,2024-06-24,12700.00,True,5,,,
267,NEON SERIY 24V,1,5.35,6.0,USD,D,2024-06-24,12700.00,True,5,,,
297,PICAP LEN 1.2M,1,4.6,6.0,USD,D,2024-06-24,12700.00,True,14,,,
270,NEON YASHIL 12V,1,5.35,6.0,USD,D,2024-06-24,12700.00,False,0,,,
304,RADIO CAR MP3 PLAYER  MIX 620,1,6.5,8.0,USD,D,2024-06-24,12700.00,False,0,,,
280,KOSMONAVT,1,5.5,6.0,USD,D,2024-06-24,12700.00,True,8,,,
283,UCHBURCHE STOP,1,1.0,1.0,USD,D,2024-06-24,12700.00,True,7,,,
288,TUM DAYTIME OQ+MALIBU,1,1.74,2.0,USD,D,2024-06-24,12780.00,True,19,,,
289,TUM DAYTIME KLUSHKA,1,1.74,2.0,USD,D,2024-06-24,12700.00,True,6,,,
301,PICAP LEN 2.2M,1,7.55,10.0,USD,D,2024-06-24,12700.00,True,15,,,
243,HUD  G4,1,15.9,18.0,USD,D,2024-06-24,12700.00,True,1,,,
296,PICAP LEN 1M,1,4.5,7.0,USD,D,2024-06-24,12780.00,True,6,,,
302,PICAP LEN 2.4M,1,9.44,11.0,USD,D,2024-06-24,12700.00,True,18,,,
290,TUM DAYTIME GELIK KOZ,1,1.74,2.0,USD,D,2024-06-24,12700.00,True,7,,,
251,FARA LENTA BLOKLI 60SM,1,3.1,4.0,USD,D,2024-06-24,12700.00,True,0,,,
274,KUMHO 1K ODDIY,1,0.18,0.2,USD,D,2024-06-24,12700.00,True,101,,,
306,RADIO VOS,1,11.0,14.0,USD,D,2024-06-24,12700.00,True,28,,,
237,SMLI MAMKA,1,0.013,0.017,USD,D,2024-06-24,12700.00,True,2900,,,
273,KUMXO 2K SARIQ,1,0.44,1.0,USD,D,2024-06-24,12700.00,True,0,,,
281,OYOQ SVET SHLANKA,1,7.0,8.0,USD,D,2024-06-24,12700.00,True,7,,,
264,GLUSHITEL NASADKA MATIZ,1,0.789,1.0,USD,D,2024-06-24,12700.00,True,0,,,
239,FONAR,1,7.0,8.0,USD,D,2024-06-24,12700.00,True,3,,,
247,BI LED TURBO SE,1,60.0,80.0,USD,D,2024-06-24,12700.00,True,3,,,
261,DISKA HIMOYA YASHIL,1,15.0,20.0,USD,D,2024-06-24,12700.00,True,2,,,
252,FARA LENTA BLOKSIZ 60SM,1,2.26,3.0,USD,D,2024-06-24,12700.00,True,63,,,
238,OSV DOG,1,2.7,3.0,USD,D,2024-06-24,12700.00,True,15,,,
299,PICAP LEN 1.8M,1,6.5,8.0,USD,D,2024-06-24,12700.00,True,12,,,
291,TUM DAYTIME STRELKA OQ+SARIQ,1,1.74,2.0,USD,D,2024-06-24,12700.00,True,8,,,
268,NEON SARIQ 12V,1,5.35,6.0,USD,D,2024-06-24,12700.00,True,1,,,
300,PICAP LEN 2M,1,6.9,9.0,USD,D,2024-06-24,12700.00,True,11,,,
256,SACA OQ,1,2.6,2.8,USD,D,2024-06-24,12780.00,True,48,,,
41,so'ska pribo'r oq,1,0.11,1.0,USD,D,2024-06-21,12700.00,True,495,,,
253,TERMOZ MUZLAT,1,17.0,20.0,USD,D,2024-06-24,12700.00,True,2,,,
249,BI LED KOK KAROBKALI,1,38.35,42.0,USD,D,2024-06-24,12700.00,True,2,,,
233,MALISH 24V ODDIY ZAVOD,1,0.1,1.0,USD,D,2024-06-24,12700.00,True,920,,,
275,KUMHO 2K ODDIY,1,0.2,0.25,USD,D,2024-06-24,12700.00,True,9,,,
282,UCHBURCE STOP,1,1.0,1.0,USD,D,2024-06-24,12700.00,True,6,,,
245,HUD M10,1,14.4,16.0,USD,D,2024-06-24,12700.00,True,2,,,
284,TUM UKKI,1,3.1,4.0,USD,D,2024-06-24,12700.00,True,2,,,
784,shteker damaz dinam,1,0.158,2.0,USD,D,2024-06-28,12700.00,True,34,,,
248,BI LED LASER,1,47.0,57.0,USD,D,2024-06-24,12700.00,True,3,,,
257,SEMECHKA ODDIY,1,0.02,1.0,USD,D,2024-06-24,12700.00,True,950,,,
236,START STOP,1,35.0,40.0,USD,D,2024-06-24,12700.00,True,9,,,
262,DISKA HIMOYA SARIQ,1,14.0,20.0,USD,D,2024-06-24,12700.00,True,0,,,
785,shteker spark benzin naso's,1,0.79,9.0,USD,D,2024-06-28,12700.00,True,5,,,
242,HUD M6S,1,14.0,16.0,USD,D,2024-06-24,12700.00,True,3,,,
250,BI LED PROVISION,1,93.0,1.0,USD,D,2024-06-24,12700.00,True,1,,,
259,KAIR H4,1,2.67,3.0,USD,D,2024-06-24,12780.00,True,14,,,
263,GLUSHITEL NASADKA KOBALT,1,1.7,1.0,USD,D,2024-06-24,12700.00,True,0,,,
303,RADIO JSD 521,1,8.5,10.0,USD,D,2024-06-24,12700.00,True,1,,,
229,COBRA DONALI,1,1.5,2.0,USD,D,2024-06-24,12700.00,True,31,,,
244,HUD G12,1,17.5,18.0,USD,D,2024-06-24,12700.00,True,2,,,
279,AKULA ANTENA QORA KICHIGI,1,1.97,5.0,USD,D,2024-06-24,12700.00,True,3,,,
254,Magicar BLAZER,1,8.3,20.0,USD,D,2024-06-24,12700.00,True,1,,,
271,NEON PUSHTI 12V,1,5.35,6.0,USD,D,2024-06-24,12700.00,True,1,,,
285,TUMANKA DAYTIME CHETI SARIQ,1,1.74,2.0,USD,D,2024-06-24,12700.00,True,0,,,
377,HOLDER NEW ARRIVAL,1,1.35,2.0,USD,D,2024-06-24,12700.00,True,30,,,
334,RUL DACHIK,1,3.5,4.0,USD,D,2024-06-24,12700.00,True,1,,,
376,HOLDER   2 IN 1,1,1.57,2.0,USD,D,2024-06-24,12700.00,True,25,,,
339,OYNA KNOPKA,1,0.6,1.0,USD,D,2024-06-24,12700.00,False,258,,,
336,TREKER/MINZA/ONIX ZAVADYASHIY,1,8.0,10.0,USD,D,2024-06-24,12700.00,True,17,,,
350,HOLDER ON-BOARD,1,1.4,2.0,USD,D,2024-06-24,12700.00,True,2,,,
359,HOLDER VHIKLE BRACKET,1,1.1,12.0,USD,D,2024-06-24,12700.00,True,1,,,
360,HOLDER STARK ARZON,1,2.0,2.0,USD,D,2024-06-24,12700.00,True,1,,,
313,OSV GLADE AQUA,1,1.12,2.0,USD,D,2024-06-24,12700.00,False,99,,,
365,HOLDER PECHKA MINI,1,0.6,1.0,USD,D,2024-06-24,12700.00,True,12,,,
309,MIGALKA S 12,1,6.8,10.0,USD,D,2024-06-24,12700.00,True,19,,,
347,HOLDER SH-3122,1,1.2,2.0,USD,D,2024-06-24,12700.00,True,15,,,
372,HOLDER TARPETKA,1,3.5,3.5,USD,D,2024-06-24,12700.00,True,5,,,
375,HOLDER ORENJ,1,0.95,1.0,USD,D,2024-06-24,12700.00,True,12,,,
355,HOLDER LH-006,1,1.3,1.6,USD,D,2024-06-24,12700.00,True,16,,,
323,MIGALKA TOM MAGNITLI SARIQ,1,7.0,8.0,USD,D,2024-06-24,12700.00,True,0,,,
311,MIGALKA  S5,1,8.9,1.0,USD,D,2024-06-24,12700.00,True,11,,,
317,OSV ARCHA KAPSULA VANILLA,1,2.2,1.0,USD,D,2024-06-24,12700.00,True,8,,,
318,OSV ARCHA KAPSULA  TRUNE NORTH,1,2.2,3.0,USD,D,2024-06-24,12700.00,True,8,,,
319,OSV ARCHA LINEN,1,2.2,3.0,USD,D,2024-06-24,12700.00,True,11,,,
320,OSV ARCHA KAPSULA COLADA,1,2.2,3.0,USD,D,2024-06-24,12700.00,True,8,,,
314,OSV GLADE LAVENDER,1,1.12,3.0,USD,D,2024-06-24,12700.00,False,204,,,
315,OSV GLADE LIMON,1,1.15,2.0,USD,D,2024-06-24,12700.00,True,41,,,
333,LUK RELE,1,3.3,4.0,USD,D,2024-06-24,12700.00,True,85,,,
345,HOLDER ML-141,1,2.0,3.0,USD,D,2024-06-24,12700.00,True,9,,,
1117,b2,4,10.0,14.0,USD,D,2024-11-16,12800.00,True,36,,,
305,RADIO CAR MP3 PLAYER KING,1,9.0,10.5,USD,D,2024-06-24,12700.00,True,3,,,
325,ADAPTER 2 KULLERLI 50A,1,10.5,11.0,USD,D,2024-06-24,12700.00,True,20,,,
338,BAGAJ KNOPKA QORA,1,0.36,1.0,USD,D,2024-06-24,12700.00,True,659,,,
1107,2K BOMBA QIZIL,1,0.75,0.99,USD,D,2024-10-09,12780.00,True,491,,,
818,shteker spark benzin naso's  verxniy,1,0.7,0.8,USD,D,2024-06-28,12700.00,True,45,,,
341,BAKAVOY QANOT,1,20.0,22.0,USD,D,2024-06-24,12700.00,True,7,,,
374,HOLDER MOBILE PHONE,1,1.05,2.0,USD,D,2024-06-24,12700.00,True,2,,,
340,OSV UVLAJNITEL AYOL,1,8.5,10.0,USD,D,2024-06-24,12700.00,True,9,,,
366,HOLDER F-6,1,0.62,1.0,USD,D,2024-06-24,12700.00,True,0,,,
357,HOLDER MAGNIT DUBAI,1,1.55,2.0,USD,D,2024-06-24,12850.00,True,37,,,
358,HOLDER GM,1,1.25,3.0,USD,D,2024-06-24,12700.00,True,10,,,
373,HOLDER YASHIL,1,1.38,2.0,USD,D,2024-06-24,12700.00,True,0,,,
331,REGISTRATOR MI KOK,1,26.5,28.0,USD,D,2024-06-24,12700.00,True,4,,,
335,TUNEL DATCHIK,1,3.3,4.0,USD,D,2024-06-24,12700.00,True,18,,,
348,HOLDER STARK,1,1.3,2.0,USD,D,2024-06-24,12700.00,True,12,,,
380,HOLDER UN-147,1,2.0,2.5,USD,D,2024-06-24,12700.00,True,14,,,
371,HOLDER JS 668,1,1.2,2.0,USD,D,2024-06-24,12700.00,True,16,,,
368,HOLDER MAGNETIC QY-40,1,0.6,0.75,USD,D,2024-06-24,12700.00,True,152,,,
346,HOLDER  SH-3100,1,1.3,1.6,USD,D,2024-06-24,12700.00,True,43,,,
316,OSV GLADE JASMIN,1,1.15,2.0,USD,D,2024-06-24,12700.00,True,36,,,
321,OSV ARCHA KAPSULA NEW CAR,1,2.2,3.0,USD,D,2024-06-24,12700.00,True,11,,,
326,ADAPTER 2 KULLERLI 60A,1,10.5,11.0,USD,D,2024-06-24,12700.00,True,7,,,
353,HOLDER stoyka,1,1.0,1.2,USD,D,2024-06-24,12700.00,True,0,,,
327,REGISTRATOR DVR,1,9.5,10.0,USD,D,2024-06-24,12700.00,True,9,,,
351,HOLDER  ML-173,1,1.6,2.0,USD,D,2024-06-24,12700.00,True,33,,,
330,REGISTRATOR GOLD,1,11.0,11.0,USD,D,2024-06-24,12700.00,True,8,,,
322,MIGALKA TOM MAGNITLI KOK,1,7.0,8.0,USD,D,2024-06-24,12700.00,True,4,,,
379,HOLDER CARBON TUFTA,1,1.15,1.5,USD,D,2024-06-24,12700.00,True,1,,,
343,HOLDER SELICON  YASHIL,1,0.78,1.0,USD,D,2024-06-24,12700.00,True,32,,,
310,MIGALKA  S9,1,4.9,10.0,USD,D,2024-06-24,12780.00,True,11,,,
332,REGISTRATOR MI YASHIL,1,26.5,28.0,USD,D,2024-06-24,12700.00,True,17,,,
362,HOLDER H-CT221,1,2.45,3.0,USD,D,2024-06-24,12700.00,True,17,,,
307,MIGALKA KOK+QIZIL 4 TALI,1,16.0,18.0,USD,D,2024-06-24,12700.00,True,6,,,
383,LED Falcon H1,1,11.0,12.0,USD,D,2024-06-25,12700.00,True,10,,,
386,LED OQ KAROBKA H11,1,14.0,15.0,USD,D,2024-06-25,12700.00,True,5,,,
387,LED OQ KAROBKA H7,1,14.0,15.0,USD,D,2024-06-25,12700.00,True,1,,,
391,LED R7 H4,1,10.0,11.0,USD,D,2024-06-25,12700.00,True,2,,,
393,LED R7 H3,1,9.0,9.0,USD,D,2024-06-25,12700.00,True,2,,,
396,LED MONSTER 5202 KO'K KAROPKA,1,11.0,12.0,USD,D,2024-06-25,12700.00,True,5,,,
399,LED GT H11,1,7.1,8.0,USD,D,2024-06-25,12700.00,True,1,,,
401,LED BIG POWER V9 880,1,11.0,13.0,USD,D,2024-06-25,12700.00,True,1,,,
402,LED BIG POWER V9 H11,1,11.0,11.0,USD,D,2024-06-25,12700.00,True,1,,,
403,LED T1 H4,1,20.0,20.0,USD,D,2024-06-25,12700.00,True,2,,,
404,ZHENGYOU H1,1,12.0,12.0,USD,D,2024-06-25,12700.00,True,1,,,
442,WILD GAMME H4 100/90 R45,1,0.6,0.75,USD,D,2024-06-25,12700.00,True,40,,,
405,"LED TOBY,S H11",1,20.0,20.0,USD,D,2024-06-25,12700.00,True,2,,,
406,"LED TOBY,S H7",1,20.0,20.0,USD,D,2024-06-25,12700.00,True,1,,,
408,LED GOLD H1,1,6.0,6.0,USD,D,2024-06-25,12700.00,True,1,,,
409,LED GOLD H7,1,6.0,6.0,USD,D,2024-06-25,12700.00,True,1,,,
410,LED V1 H4,1,10.0,10.0,USD,D,2024-06-25,12700.00,True,4,,,
412,LED PENTIUM 3 H3,1,9.0,9.0,USD,D,2024-06-25,12700.00,True,2,,,
417,LED H4 LUPA BUGATTI,1,20.0,20.0,USD,D,2024-06-25,12700.00,True,2,,,
415,LED C7  H3,1,6.0,7.0,USD,D,2024-06-25,12700.00,True,7,,,
416,LED C7 H11,1,6.0,7.0,USD,D,2024-06-25,12700.00,True,2,,,
418,LED C7 H4,1,7.0,7.0,USD,D,2024-06-25,12700.00,True,2,,,
420,QO'L GETSUNE RGB,1,12.0,13.0,USD,D,2024-06-25,12700.00,True,9,,,
422,QO'L GETSUNE MUJIK,1,11.0,12.0,USD,D,2024-06-25,12700.00,True,8,,,
381,HOLDER MAX SEF,1,2.45,2.0,USD,D,2024-06-24,12700.00,True,15,,,
425,WESTECH COBALT,1,13.0,14.0,USD,D,2024-06-25,12700.00,True,4,,,
426,INTERPOL KIA,1,12.5,13.0,USD,D,2024-06-25,12700.00,True,2,,,
397,LED GT H7,1,7.1,8.0,USD,D,2024-06-25,12700.00,True,0,,,
434,TUM WORC ARZONI,1,2.2,2.8,USD,D,2024-06-25,12700.00,True,1,,,
439,GALOGEN JIEXU H11 24V,1,0.88,1.0,USD,D,2024-06-25,12700.00,True,300,,,
445,QO'L 1 PAZITSIYA,1,4.72,5.0,USD,D,2024-06-25,12700.00,True,31,,,
446,LOGO BYD,1,3.2,4.0,USD,D,2024-06-25,12700.00,True,4,,,
392,LED R7 H11,1,9.0,9.0,USD,D,2024-06-25,12700.00,True,1,,,
449,LOGO BMW,1,3.2,4.0,USD,D,2024-06-25,12700.00,True,10,,,
450,LOGO JAC,1,3.2,4.0,USD,D,2024-06-25,12700.00,True,10,,,
453,LOGO KIA,1,3.2,4.0,USD,D,2024-06-25,12700.00,True,4,,,
437,GALOGEN ZPAI H4 150/200 24V,1,0.73,1.0,USD,D,2024-06-25,12700.00,True,209,,,
456,TAXI SARIQ KOTTA,1,5.0,5.5,USD,D,2024-06-25,12700.00,True,10,,,
423,LINZA LUPA H1 N2,1,7.9,9.0,USD,D,2024-06-25,12700.00,True,4,,,
431,TUM DP WORK 1KO'Z LUPA,1,2.68,3.0,USD,D,2024-06-25,12700.00,True,2,,,
421,QO'L GETSUNE,1,7.0,11.0,USD,D,2024-06-25,12700.00,True,2,,,
440,GALOGEN ZPAI 880 ODDIY,1,0.73,1.0,USD,D,2024-06-25,12700.00,True,122,,,
395,LED MONSTER 5202,1,9.0,10.0,USD,D,2024-06-25,12700.00,True,0,,,
438,GALOGEN RIKE H4 70/75 24V,1,0.8,1.0,USD,D,2024-06-25,12700.00,True,82,,,
389,LED BIG POWER H1,1,14.5,16.0,USD,D,2024-06-25,12700.00,True,1,,,
400,LED GT H3,1,7.1,8.0,USD,D,2024-06-25,12700.00,True,1,,,
435,MAGICAR MALIBU,1,8.3,8.5,USD,D,2024-06-25,12700.00,True,0,,,
390,LED BIG POWER 880,1,13.5,18.0,USD,D,2024-06-25,12700.00,True,9,,,
294,TUM KEN OQ,1,2.51,3.0,USD,D,2024-06-24,12700.00,True,9,,,
458,GALOGEN ZPAI 100\90 ODDIY,1,0.8,1.0,USD,D,2024-06-25,12700.00,True,43,,,
419,LED FIGHTER H4,1,8.0,8.0,USD,D,2024-06-25,12700.00,True,6,,,
407,LED G5 5202,1,7.0,7.0,USD,D,2024-06-25,12700.00,True,7,,,
447,LOGO GERB,1,3.2,4.0,USD,D,2024-06-25,12700.00,True,5,,,
443,RUL SHLEYF MIS,1,3.4,4.0,USD,D,2024-06-25,12700.00,False,66,,,
452,LOGO CHEVROLET,1,3.2,4.0,USD,D,2024-06-25,12700.00,True,0,,,
451,LOGO MERS,1,3.2,4.0,USD,D,2024-06-25,12700.00,True,8,,,
414,LED PENTIUM 3 880,1,9.0,9.0,USD,D,2024-06-25,12700.00,True,7,,,
433,TUM WORC 6 KO'Z,1,2.8,3.3,USD,D,2024-06-25,12700.00,True,20,,,
448,LOGO GAZ,1,3.2,4.0,USD,D,2024-06-25,12700.00,True,7,,,
411,LED V1 880,1,10.0,10.0,USD,D,2024-06-25,12700.00,True,2,,,
293,TUM KEN SARIQ,1,2.51,3.0,USD,D,2024-06-24,12700.00,True,30,,,
398,LED GT 880,1,7.1,8.0,USD,D,2024-06-25,12700.00,True,0,,,
1108,2K BOMBA SARIQ,1,0.75,0.99,USD,D,2024-10-09,12780.00,True,100,,,
384,LED MINI F-31,1,4.8,5.0,USD,D,2024-06-25,12700.00,True,6,,,
436,GALOGEN RIKE H4 150/200 24V,1,0.8,1.0,USD,D,2024-06-25,12700.00,True,188,,,
413,LED PENTIUM 3 H1,1,9.0,9.0,USD,D,2024-06-25,12700.00,True,6,,,
204,Magicar KiA,1,10.5,11.0,USD,D,2024-06-24,12700.00,True,30,,,
394,LED LEZEN H7,1,18.0,18.0,USD,D,2024-06-25,12700.00,True,1,,,
460,GALOGEN RAVON H4 100\90 ODDIY,1,0.6,1.0,USD,D,2024-06-25,12700.00,True,18,,,
462,GALOGEN MERGEN  H7 ODDIY,1,0.8,1.0,USD,D,2024-06-25,12700.00,True,20,,,
465,GALOGEN 0757 H7,1,0.8,1.0,USD,D,2024-06-25,12700.00,True,6,,,
473,GALOGEN RIKE H7 24V 200W,1,2.0,3.0,USD,D,2024-06-25,12700.00,True,2,,,
499,SIGNAL MAMONT,1,12.5,13.0,USD,D,2024-06-25,12700.00,True,16,,,
510,PEJER 906,1,11.5,15.0,USD,D,2024-06-25,12700.00,True,55,,,
497,GIORDON MALIBU BLUTUZ,1,12.0,13.0,USD,D,2024-06-25,12700.00,True,5,,,
504,TUM DP SKORIY POMISH,1,3.54,4.0,USD,D,2024-06-25,12700.00,True,1,,,
494,GIORDON KIA,1,11.5,13.0,USD,D,2024-06-25,12700.00,True,2,,,
514,TUM MOTO 15SMD,1,1.0,1.0,USD,D,2024-06-25,12700.00,True,10,,,
517,TUM SUPPER POWER 14 SMD MINI,1,1.5,1.0,USD,D,2024-06-25,12700.00,True,24,,,
516,TUM 4X4 CHETI SARU MINI,1,1.0,1.0,USD,D,2024-06-25,12700.00,True,1,,,
526,OYO SVET A 16,1,1.0,1.0,USD,D,2024-06-25,12700.00,True,11,,,
527,OYO SVET D88,1,1.0,1.0,USD,D,2024-06-25,12700.00,True,16,,,
531,MALIBU LEN MERS RGB 1 IN 1,1,1.0,1.0,USD,D,2024-06-25,12700.00,True,2,,,
461,GALOGEN LEZEN 100\90 ODDIY,1,0.82,1.0,USD,D,2024-06-25,12700.00,True,40,,,
478,GALOGEN ZPAI H11 ODDIY,1,0.78,1.0,USD,D,2024-06-25,12700.00,True,124,,,
464,GALOGEN LEZEN H1 100W ODDIY,1,0.38,1.0,USD,D,2024-06-25,12700.00,True,190,,,
470,GALOGEN ZPAI H1 100W 24V,1,0.43,1.0,USD,D,2024-06-25,12700.00,True,39,,,
477,GALOGEN RIKE H7 100W ODDIY,1,0.8,1.0,USD,D,2024-06-25,12700.00,True,26,,,
508,PEJER 903,1,7.9,9.0,USD,D,2024-06-25,12700.00,True,79,,,
506,TUM DP 6KO'Z OQ ROBOT,1,3.2,4.0,USD,D,2024-06-25,12700.00,True,2,,,
482,GALOGEN ZPAI H1 KO'K,1,0.46,1.0,USD,D,2024-06-25,12700.00,True,269,,,
491,GALOGEN ZPAI 881 KO'K,1,0.85,1.0,USD,D,2024-06-25,12700.00,True,36,,,
501,SIGNAL SNAIL HORN,1,1.8,2.5,USD,D,2024-06-25,12700.00,True,15,,,
521,MIGALKA RISHOTKA 093 B4,1,9.7,12.0,USD,D,2024-06-25,12700.00,True,7,,,
530,MALIBU LEN A80 RGB  SVETAFOR UZ,1,1.0,1.0,USD,D,2024-06-25,12700.00,True,13,,,
492,GALOGEN ZPAI 100\90   R45 ODDIY,1,0.85,1.0,USD,D,2024-06-25,12700.00,True,20,,,
528,LOU LENTA ARZONI,1,7.9,12.0,USD,D,2024-06-25,12780.00,True,9,,,
388,LED H11 LUPA RTD,1,13.5,15.0,USD,D,2024-06-25,12700.00,True,6,,,
524,OYO SVET RGB 12SMD,1,2.52,3.0,USD,D,2024-06-25,12700.00,True,0,,,
520,MIGALKA RISHOTKA 094 B4,1,9.7,11.0,USD,D,2024-06-25,12700.00,True,16,,,
428,RUL CHEXEX KOJA,1,0.985,1.0,USD,D,2024-06-25,12700.00,True,0,,,
486,GALOGEN LEZEN 881 KO'K,1,0.8,1.0,USD,D,2024-06-25,12700.00,True,96,,,
529,MALIBU LEN A80 RGB,1,9.0,1.0,USD,D,2024-06-25,12700.00,True,0,,,
466,GALOGEN ZPAI H4 100\90,1,0.8,1.0,USD,D,2024-06-25,12700.00,True,10,,,
469,GALOGEN ZPAI H3 24V ODDIY,1,0.43,1.0,USD,D,2024-06-25,12700.00,True,0,,,
489,GALOGEN ZPAI H11 KO'K,1,0.88,1.0,USD,D,2024-06-25,12700.00,True,0,,,
498,GIORDON MALIBU,1,10.0,11.0,USD,D,2024-06-25,12700.00,True,3,,,
459,GALOGEN RIKE 880 ODDIY,1,0.9,1.0,USD,D,2024-06-25,12700.00,True,75,,,
495,GIORDON G6085 BLAZER,1,10.0,11.0,USD,D,2024-06-25,12700.00,True,7,,,
472,GALOGEN RIKE H1 24V  70W,1,0.41,0.48,USD,D,2024-06-25,12700.00,True,107,,,
522,LOU LENTA,1,15.8,35.0,USD,D,2024-06-25,12700.00,True,3,,,
476,GALOGEN RIKE H4 100/90 24V ODDIY,1,0.8,1.0,USD,D,2024-06-25,12700.00,True,0,,,
500,SIGNAL MARUKO RENJ,1,4.0,4.0,USD,D,2024-06-25,12700.00,True,16,,,
496,GIORDON MERS VITO,1,10.0,10.0,USD,D,2024-06-25,12700.00,True,3,,,
471,GALOGEN ZPAI H1 70W 24V ODDIY,1,0.43,1.0,USD,D,2024-06-25,12700.00,True,0,,,
444,TELEVIZO'R,1,22.0,25.0,USD,D,2024-06-25,12700.00,True,0,,,
511,TUM MOTO 12V 30 SMD,1,1.0,1.0,USD,D,2024-06-25,12700.00,True,7,,,
518,TUM MOTO 8SMD 12V,1,0.8,1.0,USD,D,2024-06-25,12700.00,True,15,,,
493,GALOGEN ZPAI H4 100\90 KO'K,1,0.88,1.0,USD,D,2024-06-25,12700.00,True,10,,,
509,PEJER 905,1,11.5,15.0,USD,D,2024-06-25,12700.00,True,30,,,
485,GALOGEN ZPAI H8 KO'K,1,0.85,1.0,USD,D,2024-06-25,12700.00,True,92,,,
515,TUM SUPPER POWER 16SMD MINI,1,1.5,3.0,USD,D,2024-06-25,12700.00,True,37,,,
512,TUM MOTO 16SMD 12V,1,1.45,2.0,USD,D,2024-06-25,12700.00,True,30,,,
475,GALOGEN ZPAI H7 24V 100W ODDIY,1,0.85,1.0,USD,D,2024-06-25,12700.00,True,277,,,
513,TUMANKA MOTO  9X9,1,1.0,1.0,USD,D,2024-06-25,12700.00,True,9,,,
468,GALOGEN LEZEN H3 100W 24V ODDIY,1,0.4,1.0,USD,D,2024-06-25,12700.00,True,24,,,
503,TUM DP DUMALO KICHIGI,1,1.8,2.0,USD,D,2024-06-25,12700.00,True,1,,,
532,MALIBU LEN MERS RGB 2 IN 1,1,1.0,1.0,USD,D,2024-06-25,12700.00,True,4,,,
533,KAPOT LEN 1.5M,1,2.0,4.0,USD,D,2024-06-25,12700.00,True,15,,,
535,OYO SVET A17,1,1.0,1.0,USD,D,2024-06-25,12700.00,True,1,,,
538,LENTA FARA 45CM PAKET,1,1.0,1.0,USD,D,2024-06-25,12700.00,True,3,,,
614,bagaj knopka katta yonadi,1,0.95,2.0,USD,D,2024-06-26,12700.00,False,140,,,
604,Tulpan Ak4,1,9.0,13.0,USD,D,2024-06-26,12700.00,True,52,,,
544,LOGO CHEVROLET,1,3.5,4.0,USD,D,2024-06-26,12700.00,True,1,,,
578,tum worc 3ko'z lupa,1,0.0,0.0,USD,D,2024-06-26,12700.00,True,1,,,
564,T15 N2 N3 ZAVOD,1,0.047,1.0,USD,D,2024-06-26,12700.00,True,689,,,
608,MAGICAR 905,1,49.0,52.0,USD,D,2024-06-26,12700.00,True,16,,,
427,RUL CHEX TOCHKA,1,0.985,1.0,USD,D,2024-06-25,12700.00,True,25,,,
565,FENIKS 2K SARIQ 24V,1,0.13,1.0,USD,D,2024-06-26,12700.00,True,290,,,
563,LENOVO KAMERA,1,6.0,7.0,USD,D,2024-06-26,12700.00,True,13,,,
580,tum worc 24ko'z katta,1,0.0,0.0,USD,D,2024-06-26,12700.00,True,2,,,
575,Tum worc 10cmd arzoni,1,2.2,3.0,USD,D,2024-06-26,12700.00,True,1,,,
569,LENTA KATUSHKA 5M ICE BLUE 600SMD 12V,1,2.76,3.0,USD,D,2024-06-26,12700.00,True,5,,,
572,LENTA 5M KATUSHKA PINK 600 SMD 12V,1,2.76,3.0,USD,D,2024-06-26,12700.00,True,1,,,
581,adabter 80A,1,12.0,14.0,USD,D,2024-06-26,12700.00,True,9,,,
543,MALIBU LEN MERS 1 IN 1 BEZ PULT,1,9.0,10.0,USD,D,2024-06-26,12700.00,True,2,,,
467,GALOGEN WILD GAMME H4  R45,1,0.6,1.0,USD,D,2024-06-25,12700.00,True,10,,,
534,KAPOT LEN 1.8,1,3.23,5.0,USD,D,2024-06-25,12700.00,True,11,,,
584,led tricolor 880,1,9.0,10.0,USD,D,2024-06-26,12700.00,True,1,,,
590,ekvalayzer pushti,1,12.2,14.0,USD,D,2024-06-26,12700.00,True,13,,,
591,ekvalayzer spidometor,1,12.2,14.0,USD,D,2024-06-26,12700.00,True,14,,,
593,ekvalayzer king,1,12.2,14.0,USD,D,2024-06-26,12700.00,True,1,,,
595,pult chexol 101,1,0.0,0.0,USD,D,2024-06-26,12700.00,True,27,,,
596,pult chexol 905,1,0.0,0.0,USD,D,2024-06-26,12700.00,True,19,,,
597,pult chexol 906,1,0.0,0.0,USD,D,2024-06-26,12700.00,True,1,,,
598,pult chexol bolacha,1,0.0,0.0,USD,D,2024-06-26,12700.00,True,35,,,
594,pult chexol kobalt eski,1,0.0,0.0,USD,D,2024-06-26,12700.00,True,9,,,
599,pult chexol kobalt yangi,1,0.0,0.0,USD,D,2024-06-26,12700.00,True,13,,,
600,LENTA KATUSHKA 5m sariq 24v,1,0.0,0.0,USD,D,2024-06-26,12700.00,True,2,,,
601,LENTA KATUSHKA 5m qizil 24v,1,0.0,0.0,USD,D,2024-06-26,12700.00,True,5,,,
602,LENTA KATUSHKA 5m oq 24v,1,0.0,0.0,USD,D,2024-06-26,12700.00,True,5,,,
573,LENTA 5M KATUSHKA sariq 600SMD 12V,1,2.76,3.0,USD,D,2024-06-26,12700.00,True,7,,,
613,led zimmer A-7,1,13.0,14.0,USD,D,2024-06-26,12700.00,True,0,,,
1118,a1,5,0.78125,1.171875,USD,D,2024-11-16,12800.00,True,3,,,
536,SMLI PULT MIG,1,0.66,1.0,USD,D,2024-06-25,12700.00,True,69,,,
542,rele uskaritel,1,2.8,3.3,USD,D,2024-06-26,12780.00,True,69,,,
540,MIGALKA PLATA 4IN1,1,5.0,6.0,USD,D,2024-06-25,12780.00,True,42,,,
505,TUM DP ---- OQ+SARIQ,1,2.51,3.0,USD,D,2024-06-25,12700.00,True,10,,,
567,LENTA KATUSHKA 5M  YASHIL 24V,1,3.0,3.0,USD,D,2024-06-26,12700.00,True,0,,,
549,LENTA 90SM YASHIL 24V,1,0.4,0.5,USD,D,2024-06-26,12700.00,True,92,,,
603,LENTA KATUSHKA 5m qizil 12v,1,2.76,3.5,USD,D,2024-06-26,12700.00,True,5,,,
474,GALOGEN GM H1 12V100W ODDIY,1,0.36,0.4,USD,D,2024-06-25,12700.00,True,51,,,
568,LENTA KATUSHKA 5M  OQ 600 SMD 12V,1,2.76,1.0,USD,D,2024-06-26,12700.00,True,1,,,
585,malish mayak 12v,1,0.065,1.0,USD,D,2024-06-26,12700.00,True,70,,,
541,LENTA ESHIK,1,1.0,1.0,USD,D,2024-06-25,12700.00,True,7,,,
547,LENTA 90SM OQ 24V,1,0.4,0.5,USD,D,2024-06-26,12700.00,True,157,,,
571,LENTA 5M KATUSHKA BLUE 600SMD 12V,1,2.76,3.0,USD,D,2024-06-26,12700.00,True,0,,,
1109,test,3,10.0,15.0,USD,L,2024-10-16,1.00,True,5,test,,
583,tum worc 6ko'z lupa,1,2.8,4.0,USD,D,2024-06-26,12700.00,True,29,,,
570,LENTA KATUSHKA 5M 600SMD 12V,1,2.76,3.0,USD,D,2024-06-26,12700.00,True,0,,,
589,ekvalayzer qizil,1,12.2,14.0,USD,D,2024-06-26,12700.00,True,16,,,
610,magicar 907,1,71.0,75.0,USD,D,2024-06-26,12700.00,True,2,,,
483,GALOGEN  LEZEN 880 KO'K,1,0.8,1.0,USD,D,2024-06-25,12700.00,True,76,,,
554,LENTA 90SM  KO'K 12V,1,0.35,0.4,USD,D,2024-06-26,12700.00,True,0,,,
546,LENTA 90SM SARIQ 24V,1,0.4,0.5,USD,D,2024-06-26,12700.00,True,168,,,
592,ekvalayzer rgb,1,12.2,14.0,USD,D,2024-06-26,12700.00,True,8,,,
545,LENTA 90SM QIZ 24V,1,0.4,0.5,USD,D,2024-06-26,12700.00,True,57,,,
551,LENTA 90SM QIZIL 12V,1,0.35,0.4,USD,D,2024-06-26,12850.00,True,1,,,
559,LENTA 90SM KO'K 12V  MIGALKA,1,1.0,1.0,USD,D,2024-06-26,12700.00,True,24,,,
558,LENTA 90SM YASHIL 12V  MIGALKA,1,1.0,1.0,USD,D,2024-06-26,12700.00,True,68,,,
588,BEZ SOKL ZAVOD 24V ODDIY,1,0.0,0.0,USD,D,2024-06-26,12700.00,True,300,,,
587,pribo zavod 24v,1,0.0,0.0,USD,D,2024-06-26,12700.00,True,950,,,
579,Tum worc 2ko'z lupa,1,3.47,3.8,USD,D,2024-06-26,12700.00,True,2,,,
634,k2 boss,1,0.21,1.0,USD,D,2024-06-26,12700.00,True,63,,,
643,instagram,1,4.5,8.0,USD,D,2024-06-26,12700.00,True,5,,,
692,nowax 1x silver,1,0.85,1.0,USD,D,2024-06-26,12700.00,True,47,,,
642,wanted,1,4.0,5.0,USD,D,2024-06-26,12700.00,True,9,,,
605,holder h500,1,1.42,2.0,USD,D,2024-06-26,12700.00,True,32,,,
655,carbon chexol 905 grey,1,1.26,2.0,USD,D,2024-06-26,12700.00,True,153,,,
693,nowax 1x gold,1,0.85,1.0,USD,D,2024-06-26,12700.00,True,22,,,
651,carbon chexol 909,1,1.26,2.0,USD,D,2024-06-26,12700.00,True,0,,,
657,carbon chexol 907 grey,1,1.26,2.0,USD,D,2024-06-26,12700.00,True,0,,,
654,carbon chexol 903 grey,1,1.26,2.0,USD,D,2024-06-26,12700.00,True,99,,,
694,nowax 1x legend,1,0.85,1.0,USD,D,2024-06-26,12700.00,True,45,,,
661,PULT GABARIT RGB BAKALASHKA,1,0.9,2.0,USD,D,2024-06-26,12780.00,True,86,,,
628,K2 new car,1,0.21,1.0,USD,D,2024-06-26,12700.00,True,88,,,
627,K2 tarvuz,1,0.21,1.0,USD,D,2024-06-26,12700.00,True,75,,,
649,carbon chexol 907,1,1.26,2.0,USD,D,2024-06-26,12700.00,True,43,,,
656,carbon chexol 906 grey,1,1.26,2.0,USD,D,2024-06-26,12700.00,True,31,,,
622,mamka temir arzon,1,0.0031,1.0,USD,D,2024-06-26,12700.00,True,34900,,,
623,mamka sariq orginal,1,0.0,0.0,USD,D,2024-06-26,12700.00,True,2900,,,
618,osv vertalyot arzon,1,2.2,3.0,USD,D,2024-06-26,12700.00,True,127,,,
1110,"RADIO PIONEER MODEL 202,203",1,7.0,10.0,USD,D,2024-10-19,12850.00,True,60,,,
691,nowax 1x diamond,1,0.85,1.0,USD,D,2024-06-26,12700.00,True,33,,,
329,REGISTRATOR PIONEER,1,27.0,31.0,USD,D,2024-06-24,12700.00,True,6,,,
639,k2 black ice,1,0.21,1.0,USD,D,2024-06-26,12700.00,True,79,,,
586,pribor 12v zavod,1,0.032,0.1,USD,D,2024-06-26,12700.00,True,202,,,
611,magicar 908,1,85.0,90.0,USD,D,2024-06-26,12700.00,True,5,,,
652,carbon chexol kobalt new,1,1.15,2.0,USD,D,2024-06-26,12700.00,False,1259,,,
646,carbon chexol 903,1,1.15,2.0,USD,D,2024-06-26,12700.00,False,303,,,
609,magicar 906,1,49.5,52.0,USD,D,2024-06-26,12700.00,True,86,,,
537,LENTA BAGAJ 60SMD,1,2.9,3.3,USD,D,2024-06-25,12700.00,True,1,,,
612,pishalka hertz HT-25,1,3.8,4.0,USD,D,2024-06-26,12700.00,True,31,,,
624,mamka orginal,1,0.065,1.0,USD,D,2024-06-26,12700.00,True,3200,,,
658,carbon chexol 908 grey,1,1.26,2.0,USD,D,2024-06-26,12700.00,True,94,,,
686,nowax 1x black,1,0.85,1.0,USD,D,2024-06-26,12700.00,True,28,,,
641,k2 shaftoli,1,0.21,1.0,USD,D,2024-06-26,12700.00,True,0,,,
660,gera parashok,1,0.141,2.0,USD,D,2024-06-26,12700.00,True,0,,,
635,k2 ocean,1,0.21,1.0,USD,D,2024-06-26,12700.00,True,62,,,
696,nowax 1x cotton,1,0.85,1.0,USD,D,2024-06-26,12700.00,True,47,,,
695,nowax 1x violet,1,0.85,1.0,USD,D,2024-06-26,12780.00,True,49,,,
620,led c6 h11,1,1.95,2.2,USD,D,2024-06-26,12700.00,True,40,,,
672,sasok,1,0.0,0.0,USD,D,2024-06-26,12700.00,True,2376,,,
675,nowax 2x rally alpine,1,0.8,1.0,USD,D,2024-06-26,12700.00,True,19,,,
625,K2 qovun,1,0.21,1.0,USD,D,2024-06-26,12700.00,True,79,,,
682,nowax 1x apple,1,0.8,1.0,USD,D,2024-06-26,12700.00,True,34,,,
630,K2 date fruit,1,0.21,1.0,USD,D,2024-06-26,12700.00,True,124,,,
662,bi led maska 1003,1,3.8,4.0,USD,D,2024-06-26,12700.00,True,23,,,
626,K2 banan,1,0.21,1.0,USD,D,2024-06-26,12700.00,True,110,,,
631,K2 buble gum,1,0.21,1.0,USD,D,2024-06-26,12700.00,True,54,,,
562,LENTA 90SM SARIQ 12 V  MIGALKA,1,1.0,1.0,USD,D,2024-06-26,12700.00,True,124,,,
640,k2 olma,1,0.21,1.0,USD,D,2024-06-26,12700.00,True,0,,,
629,K2 limon,1,0.21,1.0,USD,D,2024-06-26,12700.00,True,44,,,
637,k2 chanel,1,0.21,1.0,USD,D,2024-06-26,12700.00,True,95,,,
633,k2 mango,1,0.21,1.0,USD,D,2024-06-26,12700.00,True,39,,,
671,avtosil kley,1,0.49,0.55,USD,D,2024-06-26,12700.00,True,0,,,
636,k2 qulupnay,1,0.21,1.0,USD,D,2024-06-26,12700.00,True,65,,,
758,LED Y7 QIZIL,1,13.15,20.0,USD,D,2024-06-27,12700.00,True,22,,,
755,LED MI2 H11,1,3.5,3.6,USD,D,2024-06-27,12780.00,True,45,,,
653,osv samalyot kukuruz,1,3.6,4.0,USD,D,2024-06-26,12700.00,True,21,,,
745,MAGICAR 906 GOLD,1,49.5,52.0,USD,D,2024-06-27,12700.00,True,7,,,
702,LENTA BAGAJ 36SMD,1,2.37,3.0,USD,D,2024-06-26,12700.00,True,0,,,
756,LED MI2 880,1,3.0,3.6,USD,D,2024-06-27,12780.00,True,0,,,
700,LED Y6 H4,1,7.5,8.0,USD,D,2024-06-26,12700.00,True,25,,,
751,HOLDER H-CT 303,1,2.2,2.5,USD,D,2024-06-27,12700.00,True,9,,,
749,TAXI KICHIG OQ,1,2.0,2.5,USD,D,2024-06-27,12700.00,True,13,,,
617,osv samalyot new,1,3.3,3.8,USD,D,2024-06-26,12700.00,True,20,,,
308,MIGALKA YASHIL KAROPKALI,1,5.1,6.0,USD,D,2024-06-24,12700.00,True,12,,,
713,SASO'K GAZEL,1,0.0,0.0,USD,D,2024-06-26,12700.00,True,1000,,,
724,PRIDOX DAEWO 15A ARZ,1,0.008,0.02,USD,D,2024-06-26,12700.00,True,57,,,
754,OSV VERTALYOT  NEW,1,2.2,2.5,USD,D,2024-06-27,12700.00,True,0,,,
729,GLISTIY  STRELKA KUK 12V,1,0.3,0.3,USD,D,2024-06-26,12700.00,True,30,,,
733,GLISTIY XRUSTAL QIZIL 12V,1,0.0,0.0,USD,D,2024-06-26,12700.00,True,10,,,
734,GLISTIY STRELKA OQ 12V,1,0.3,0.3,USD,D,2024-06-26,12700.00,True,20,,,
616,OSV VERTALYOT SUVLI,1,3.0,3.5,USD,D,2024-06-26,12700.00,True,47,,,
736,GLISTIY SAMSUNG KUK 12V,1,0.25,0.3,USD,D,2024-06-26,12700.00,True,6,,,
740,GLISTIY LUPA OQ  24V,1,0.18,0.22,USD,D,2024-06-26,12700.00,True,100,,,
741,GLISTIY XRUSTAL OQ 24V,1,0.3,0.3,USD,D,2024-06-26,12700.00,True,200,,,
742,GLISTIY XRUSTAL MALIBU 24V,1,0.3,0.3,USD,D,2024-06-26,12700.00,True,10,,,
744,GLISTIY SHLAPA 6SMD 12V  OQ,1,0.227,0.3,USD,D,2024-06-26,12700.00,True,100,,,
728,GLISTIY  KAPSULA QAYMO TUFTA PUSHTI 24 V,1,0.16,0.18,USD,D,2024-06-26,12700.00,True,150,,,
507,TUM DP 6KO'Z SARIQ ROBOT,1,3.2,4.0,USD,D,2024-06-25,12700.00,True,2,,,
750,LENTA MALIBU 18 IN 1 MERS,1,42.0,45.0,USD,D,2024-06-27,12700.00,True,2,,,
738,GLISTIY TUXUM OQ 12V,1,0.16,0.18,USD,D,2024-06-26,12700.00,True,0,,,
670,bi led maska 1203,1,3.8,4.0,USD,D,2024-06-26,12700.00,True,17,,,
648,carbon chexol 906,1,1.15,2.0,USD,D,2024-06-26,12780.00,True,76,,,
732,GLISTIY SHLAPA 1SMD KUK 12V,1,0.12,0.13,USD,D,2024-06-26,12700.00,True,14,,,
757,LED MI2 H7,1,3.0,3.6,USD,D,2024-06-27,12780.00,True,35,,,
722,PRIDOX LASETTI ORE 30A,1,0.033,0.04,USD,D,2024-06-26,12700.00,True,1357,,,
667,bi led maska 1020,1,3.8,4.0,USD,D,2024-06-26,12700.00,True,10,,,
699,OSV Uvlajnitel TEMIR,1,5.2,5.5,USD,D,2024-06-26,12700.00,True,20,,,
730,GLISTIY  KAPSULA TUFTA 12V,1,0.1,0.16,USD,D,2024-06-26,12700.00,True,314,,,
1111,salom,3,15.0,20.0,USD,M,2024-10-19,15.00,True,35,iuytr,,
706,LENTA CARBON SPO'YLER,1,6.8,9.0,USD,D,2024-06-26,12700.00,True,42,,,
739,GLISTIY LUPA 1KO'Z 12V,1,0.17,0.19,USD,D,2024-06-26,12700.00,True,21,,,
703,LED A7 ZIMMER H4,1,13.0,14.0,USD,D,2024-06-26,12700.00,True,1,,,
669,bi led maska C51R+L,1,10.0,15.0,USD,D,2024-06-26,12700.00,False,6,,,
664,bi led maska 1153,1,3.8,4.0,USD,D,2024-06-26,12700.00,True,13,,,
715,PRIDOX LASETTI ARE 20A,1,0.033,0.04,USD,D,2024-06-26,12700.00,True,1986,,,
747,"SALO'N PLATA KOB,SPARK",1,1.15,1.3,USD,D,2024-06-27,12700.00,True,0,,,
737,GLISTIY TUXUM QIZIL 12V,1,0.16,0.18,USD,D,2024-06-26,12700.00,True,29,,,
666,bi led maska 1029,1,3.8,4.0,USD,D,2024-06-26,12700.00,True,9,,,
704,IZALENTA GLOBE,1,0.18,0.2,USD,D,2024-06-26,12700.00,True,0,,,
731,GLISTIY SHLAPA OQ 1SMD 12V,1,0.12,0.13,USD,D,2024-06-26,12700.00,True,0,,,
157,LED Y7D Oreginali,1,13.0,22.0,USD,D,2024-06-24,12700.00,True,11,,,
727,GLISTIY  KAPSULA QAYMO TUFTA OQ 24V,1,0.16,0.17,USD,D,2024-06-26,12700.00,True,305,,,
701,1K SVETAFOR TUFTA 12V,1,1.42,1.6,USD,D,2024-06-26,12700.00,True,16,,,
665,bi led maska 1016,1,3.8,4.0,USD,D,2024-06-26,12700.00,True,4,,,
717,PRIDOX DAEWO 20A,1,0.03,0.4,USD,D,2024-06-26,12700.00,False,563,,,
743,GLISTIY SHLAPA 3SMD OQ 12V,1,0.131,0.138,USD,D,2024-06-26,12700.00,True,0,,,
619,OSV SAMALYOT VAYENIY,1,3.5,3.8,USD,D,2024-06-26,12700.00,True,50,,,
716,PRIDOX DAEWO ARE 10A,1,0.03,0.04,USD,D,2024-06-26,12700.00,True,485,,,
720,PRIDOX LASETTI ARZ ARALASH,1,0.01,0.02,USD,D,2024-06-26,12700.00,True,62,,,
718,PRIDOX DAEWO ARE 25A,1,0.03,0.04,USD,D,2024-06-26,12700.00,True,1748,,,
723,PRIDOX LASETTI 10A ARE,1,0.033,0.04,USD,D,2024-06-26,12700.00,True,767,,,
721,PRIDOX LASETTI 25A ORE,1,0.033,0.04,USD,D,2024-06-26,12700.00,True,998,,,
719,PRIDOX LASETTI ARE 25A,1,0.033,0.04,USD,D,2024-06-26,12700.00,True,1571,,,
753,HOLDER H-CT 308,1,1.75,2.2,USD,D,2024-06-27,12700.00,True,13,,,
811,shteker matiz tum sh+,1,0.276,0.35,USD,D,2024-06-28,12700.00,True,73,,,
760,shteker neksiya 2 benzin naso's,1,0.173,0.18,USD,D,2024-06-28,12700.00,True,0,,,
761,shteker neksiya 1-2 injekto'r,1,0.275,0.8,USD,D,2024-06-28,12700.00,True,93,,,
767,shteker co'bra,1,0.55,0.65,USD,D,2024-06-28,12700.00,True,15,,,
769,shteker spark generato'r,1,0.32,4.0,USD,D,2024-06-28,12700.00,True,105,,,
772,shteker oyna knopka,1,0.63,0.65,USD,D,2024-06-28,12700.00,True,1,,,
763,shteker bez so'kl rezinali,1,0.157,0.18,USD,D,2024-06-28,12700.00,True,82,,,
777,shteker neksiya so'nus babina,1,0.48,0.55,USD,D,2024-06-28,12700.00,True,43,,,
778,shteker fara shteker keramika,1,0.0,0.0,USD,D,2024-06-28,12700.00,True,0,,,
812,shteker papka mama 8tali  arz,1,0.393,0.5,USD,D,2024-06-28,12700.00,True,13,,,
807,shteker cobalt ventilyato'r,1,0.95,1.0,USD,D,2024-06-28,12700.00,True,31,,,
786,shteker gentra sto'p fara,1,0.475,0.6,USD,D,2024-06-28,12700.00,True,28,,,
789,shteker matiz suv mato'rchik,1,0.276,0.29,USD,D,2024-06-28,12700.00,True,82,,,
782,shteker klipsa xamut,1,0.0314,0.04,USD,D,2024-06-28,12700.00,True,159,,,
791,shteker h4,1,0.183,2.0,USD,D,2024-06-28,12700.00,True,2,,,
776,shteker gentra vintilato'r,1,0.48,0.6,USD,D,2024-06-28,12700.00,False,74,,,
815,shteker chuchvara,1,0.197,0.25,USD,D,2024-06-28,12700.00,True,58,,,
797,shteker jentra sideniya abagrev,1,0.55,0.65,USD,D,2024-06-28,12700.00,True,50,,,
798,shteker n1-2 benzin naso's qizil qora,1,0.22,0.28,USD,D,2024-06-28,12700.00,True,0,,,
799,shteker n1-2 sko'rs dachik,1,0.237,0.3,USD,D,2024-06-28,12700.00,True,114,,,
775,shteker bagaj knopka temrliniki,1,0.4,0.5,USD,D,2024-06-28,12700.00,True,108,,,
803,"shteker gentra,cobalt mab dadichk",1,0.393,0.5,USD,D,2024-06-28,12700.00,True,85,,,
823,shteker rele arz,1,0.158,0.2,USD,D,2024-06-28,12700.00,True,33,,,
808,shteker n 1-2 mab dadchik,1,0.473,0.5,USD,D,2024-06-28,12700.00,True,40,,,
813,shteker cobalt injekto'r,1,0.394,0.45,USD,D,2024-06-28,12700.00,True,80,,,
810,shteker best babina + americancani yarimi,1,0.25,0.3,USD,D,2024-06-28,12700.00,True,86,,,
820,shteker  damaz sto'p,1,0.63,0.68,USD,D,2024-06-28,12700.00,True,20,,,
816,shteker n3 dxo patro'n,1,0.475,0.55,USD,D,2024-06-28,12700.00,True,67,,,
783,shteker h11,1,0.141,0.15,USD,D,2024-06-28,12700.00,True,18,,,
825,shteker n1-2 dinam,1,0.3,0.35,USD,D,2024-06-28,12700.00,True,103,,,
800,shteker n 1 tum,1,0.158,0.2,USD,D,2024-06-28,12700.00,True,87,,,
814,shteker modul 2tali,1,0.174,0.179,USD,D,2024-06-28,12700.00,True,116,,,
1100,OSV ARCHA AMERICA,1,0.65,1.1,USD,D,2024-10-03,12780.00,True,4906,,,
770,shteker pridox idish,1,0.19,0.3,USD,D,2024-06-28,12700.00,True,135,,,
795,shteker cobalt speral pechka,1,0.95,1.0,USD,D,2024-06-28,12700.00,True,38,,,
773,shteker moy dacihk,1,0.134,0.2,USD,D,2024-06-28,12700.00,True,90,,,
806,shteker nexia 1-2 adinochka,1,0.473,0.5,USD,D,2024-06-28,12700.00,True,79,,,
774,shteker bez so'kl plasmas,1,0.15,2.0,USD,D,2024-06-28,12700.00,True,83,,,
780,shteker injektor gibrid,1,0.28,0.35,USD,D,2024-06-28,12700.00,True,91,,,
809,shteker n 1-2 element,1,0.63,0.68,USD,D,2024-06-28,12700.00,True,12,,,
788,shteker neksya 1-2 sentral kno'pka,1,0.95,1.0,USD,D,2024-06-28,12700.00,True,81,,,
1112,RADIO PIONEER MODEL 995 996 997,1,12.5,15.0,USD,D,2024-10-19,12850.00,True,30,,,
217,shteker KNOPKA 01 KRUG,1,0.1,0.15,USD,D,2024-06-24,12700.00,True,1075,,,
794,shteker cobalt zaslo'nka,1,0.63,0.65,USD,D,2024-06-28,12700.00,True,56,,,
779,shteker cobalt benzin naso's,1,0.78,0.85,USD,D,2024-06-28,12700.00,True,54,,,
824,shteker patro'n 2k,1,0.204,0.28,USD,D,2024-06-28,12700.00,True,122,,,
765,shteker modul 4 tali,1,0.26,0.35,USD,D,2024-06-28,12780.00,True,68,,,
762,shteker h7,1,0.158,0.18,USD,D,2024-06-28,12700.00,True,34,,,
821,shteker klipsa xamut  qora,1,0.0315,0.4,USD,D,2024-06-28,12700.00,True,57,,,
771,shteker matiz tramblyo'r,1,0.63,0.7,USD,D,2024-06-28,12700.00,True,16,,,
764,shteker mafo'n,1,1.18,1.3,USD,D,2024-06-28,12700.00,True,8,,,
768,shteker nexia 1-2  kalenval,1,0.3,0.4,USD,D,2024-06-28,12700.00,True,7,,,
781,shteker 1k patro'n,1,0.204,25.0,USD,D,2024-06-28,12700.00,True,193,,,
804,shteker n2 1.6 babina + matiz tmanka yarimi,1,0.278,0.3,USD,D,2024-06-28,12700.00,True,102,,,
787,SHTEKER GENTRA VENTILYATOR KOREA,1,0.55,0.6,USD,D,2024-06-28,12700.00,False,54,,,
817,shteker gentra dxo patro'n,1,0.34,0.5,USD,D,2024-06-28,12700.00,False,47,,,
792,SHTEKER PAPKA  MAMA EURO 2 TALI,1,0.0,0.0,USD,D,2024-06-28,12700.00,False,0,,,
801,SHTEKER PAPKA MAMKA 2 TALI ARZ,1,0.135,0.15,USD,D,2024-06-28,12700.00,False,20,,,
793,SHTEKER NEXIA 1 GLAVNIY FARA,1,0.473,0.5,USD,D,2024-06-28,12700.00,False,47,,,
826,shteker papka mama 4 tali,1,0.945,1.0,USD,D,2024-06-28,12700.00,True,39,,,
827,shteker gentra sto'p,1,0.119,0.25,USD,D,2024-06-28,12700.00,True,10,,,
829,shteker cobalt suv dadchik,1,0.473,0.5,USD,D,2024-06-28,12700.00,True,16,,,
834,TAXI YONADIGON YELLOW,1,0.79,1.0,USD,D,2024-06-28,12700.00,True,1,,,
863,NEON OQ,1,3.6,7.0,USD,D,2024-07-02,12650.00,False,5,,,
369,HOLDER SZ 3407,1,0.98,1.5,USD,D,2024-06-24,12700.00,True,22,,,
606,holder mm5 arzon,1,1.45,2.0,USD,D,2024-06-26,12700.00,True,23,,,
853,registrato'r pitaniya 3.500A,1,3.0,3.5,USD,D,2024-07-02,0.00,True,0,,,
246,HUD G100,1,14.0,16.0,USD,D,2024-06-24,12700.00,True,18,,,
615,bagaj knopka kichik yonadi,1,0.79,2.0,USD,D,2024-06-26,12700.00,False,365,,,
855,RADIO PIONEER 865,1,9.0,10.0,USD,D,2024-07-02,12650.00,True,19,,,
854,BIG POWER H7,1,12.0,16.0,USD,D,2024-07-02,12650.00,True,0,,,
488,GALOGEN LEZEN H4 100\90 ODDIY,1,0.75,1.0,USD,D,2024-06-25,12700.00,True,57,,,
184,Galovka avto 4.8A,1,1.05,2.0,USD,D,2024-06-24,12700.00,True,0,,,
849,PRIDOX KANDYOR,1,0.48,1.0,USD,D,2024-06-30,12700.00,True,0,,,
147,Koito T20 2k,1,0.16,1.0,USD,D,2024-06-24,12700.00,True,206,,,
550,LENTA 90SM  MALIBU 12V,1,0.35,0.4,USD,D,2024-06-26,12700.00,True,11,,,
867,LED ZIMMER H7,1,8.0,9.5,USD,D,2024-07-02,12780.00,True,0,,,
647,carbon chexol 905,1,1.15,2.0,USD,D,2024-06-26,12700.00,False,157,,,
866,ZIMMER H1,1,8.0,9.5,USD,D,2024-07-02,12780.00,True,7,,,
846,signal segar mers,1,4.0,4.5,USD,D,2024-06-29,12700.00,True,2,,,
424,SIGNAL DOCTOR ALBANO 12V,1,3.5,5.0,USD,D,2024-06-25,12700.00,True,10,,,
833,TAXI YONADIGON BLUE,1,0.79,0.1,USD,D,2024-06-28,12700.00,True,1,,,
822,shteker rele misligi,1,0.2,0.3,USD,D,2024-06-28,12700.00,True,8,,,
862,RIKE H4 60/55,1,0.85,1.0,USD,D,2024-07-02,12650.00,True,80,,,
865,SALO'N PLATA LACETTI,1,1.35,1.55,USD,D,2024-07-02,12650.00,True,13,,,
287,TUM DAYTIME OQ+OQ,1,1.74,2.0,USD,D,2024-06-24,12700.00,True,10,,,
861,MALISH 12V PUSHTI,1,0.1,0.15,USD,D,2024-07-02,12650.00,True,490,,,
1101,OSV ARCHA BLACK ICE,1,0.65,1.1,USD,D,2024-10-03,12780.00,True,4978,,,
673,Nowax 2x apple + cinnamon,1,0.8,1.0,USD,D,2024-06-26,12700.00,True,24,,,
218,yashil KNOPKA YASHIL,1,0.1,0.15,USD,D,2024-06-24,12700.00,True,813,,,
847,FENIKS 1K ODDIY 24V,1,0.09,0.11,USD,D,2024-06-29,12700.00,True,420,,,
705,SIGNAL MARUKO POBEDA SVO'Y,1,9.0,9.5,USD,D,2024-06-26,12700.00,True,51,,,
858,TENT L,1,9.5,10.0,USD,D,2024-07-02,12650.00,True,11,,,
223,FENIKS 2K SARIQ,1,0.12,0.15,USD,D,2024-06-24,12700.00,True,989,,,
857,SHTEKER XAMUT 3.6X300 QORA,1,0.7,0.95,USD,D,2024-07-02,12650.00,True,0,,,
278,AKULA ANTENA OQ KICHIGI,1,1.97,1.0,USD,D,2024-06-24,12700.00,True,24,,,
864,REGISTRATOR 1080,1,10.0,11.0,USD,D,2024-07-02,12650.00,True,5,,,
850,"SM 0,50",1,0.19,1.0,USD,D,2024-06-30,12700.00,True,50,,,
835,MIGALKA STRABOSKOP PULT,1,2.2,2.5,USD,D,2024-06-28,12700.00,True,0,,,
828,shteker gentra tumanka,1,0.238,0.3,USD,D,2024-06-28,12700.00,True,60,,,
663,bi led maska 1080,1,3.8,4.0,USD,D,2024-06-26,12700.00,True,8,,,
1113,12121212,3,15000.0,16000.0,USD,D,2024-10-19,15.00,True,117,kjhgf,,
840,NISO GIG,1,1.17,2.0,USD,D,2024-06-28,12700.00,True,122,,,
852,LED BIG POWER H11,1,13.5,14.5,USD,D,2024-06-30,12700.00,True,7,,,
843,chexo'l nakidka,1,9.0,10.0,USD,D,2024-06-29,12700.00,True,51,,,
851,"SM 0,75",1,0.27,1.0,USD,D,2024-06-30,12700.00,True,250,,,
831,TAXI YONADIGON WHITE,1,0.79,1.0,USD,D,2024-06-28,12700.00,True,0,,,
844,kley supper seal areginali,1,0.6,0.7,USD,D,2024-06-29,12700.00,False,55,,,
830,TAXI yonadigon  YASHIL,1,0.79,1.0,USD,D,2024-06-28,12700.00,True,2,,,
859,TENT YXL,1,9.5,10.0,USD,D,2024-07-02,12650.00,True,10,,,
154,Perekurivatel 1000A,1,4.7,11.0,USD,D,2024-06-24,12700.00,True,11,,,
28,malish kal bosh oq,1,0.197,1.0,USD,D,2024-06-21,12700.00,True,393,,,
525,OYO LENTA YONG'OQ SVETAFOR,1,7.1,9.0,USD,D,2024-06-25,12700.00,True,5,,,
838,PRIDOX JIGULI QIZIL,1,0.03,0.04,USD,D,2024-06-28,12700.00,True,227,,,
860,LENOVO AHD,1,30.5,32.0,USD,D,2024-07-02,12650.00,True,28,,,
71,2k oq sarq lupali,1,1.8,2.0,USD,D,2024-06-21,12700.00,True,57,,,
832,TAXI YONADIGON RED,1,0.79,1.0,USD,D,2024-06-28,12700.00,True,4,,,
298,PICAP LEN 1.5M,1,5.0,7.0,USD,D,2024-06-24,12700.00,True,1,,,
845,karandash gaz,1,0.43,0.5,USD,D,2024-06-29,12700.00,True,0,,,
872,GALOGEN OSRAM 60/55 COOL BLUE,1,3.1,3.2,USD,D,2024-07-03,12650.00,True,60,,,
874,BI LED E20 VAHID,1,72.0,75.0,USD,D,2024-07-03,12650.00,True,2,,,
877,BI LED E12 VAHID,1,66.0,70.0,USD,D,2024-07-03,12650.00,True,2,,,
883,LENOVO V7 PLUS,1,34.0,35.0,USD,D,2024-07-04,12650.00,True,17,,,
487,GALOGEN LEZEN H11 KO'K,1,0.8,1.0,USD,D,2024-06-25,12700.00,True,118,,,
911,LED Y7 YASHIL,1,13.9,15.0,USD,D,2024-07-10,12650.00,True,0,,,
337,KOBALT BAGAJ KNOPKA ZAVOD,1,3.6,5.0,USD,D,2024-06-24,12700.00,True,4,,,
27,Fleshka cambus,1,0.23,1.0,USD,D,2024-06-21,12700.00,True,945,,,
882,HOLDER MAGNIT REGULIROVKA,1,0.95,2.0,USD,D,2024-07-04,12650.00,True,33,,,
139,1k bomba oq karo'bkali,1,1.58,2.0,USD,D,2024-06-22,12780.00,True,67,,,
894,IZALENTA NOVA,1,0.348,0.5,USD,D,2024-07-05,12650.00,True,33,,,
219,shteker KNOPKA QIZIL,1,0.1,0.15,USD,D,2024-06-24,12700.00,True,532,,,
873,BI LED E10 VAHID,1,67.0,70.0,USD,D,2024-07-03,12650.00,True,0,,,
22,T20 2K 45Gaz  sariq 12V,1,0.465,1.0,USD,D,2024-06-21,12700.00,True,0,,,
895,PEYJER 101,1,8.5,8.5,USD,D,2024-07-05,12650.00,True,0,,,
869,signal malibu modern,1,5.0,6.0,USD,D,2024-07-03,12650.00,True,17,,,
876,BI LED E8 VAHID,1,44.0,48.0,USD,D,2024-07-03,12650.00,True,1,,,
898,MAGICAR COBALT,1,10.5,12.0,USD,D,2024-07-06,12650.00,True,2,,,
378,HOLDER CARBON ARE,1,2.0,3.0,USD,D,2024-06-24,12700.00,True,13,,,
899,Vesle Balon pena,1,1.7292490118577075,1.8972332015810276,USD,D,2024-07-08,12650.00,True,24,,,
914,Sm0.75,1,0.26,0.275,USD,D,2024-07-12,12700.00,True,250,,,
909,Rezina 1 lik,1,0.9486166007905138,1.3438735177865613,USD,D,2024-07-08,12650.00,True,10,,,
904,AUX 1,1,0.3952569169960474,0.7905138339920948,USD,D,2024-07-08,12650.00,True,5,,,
441,GALOGEN RIKE 60/55 ODDIY,1,0.9,1.0,USD,D,2024-06-25,12700.00,True,0,,,
868,Mi2 H1,1,3.5,3.8,USD,D,2024-07-03,12650.00,True,15,,,
901,Kley mannol shprits 9905,1,0.9,1.3043478260869565,USD,D,2024-07-08,12850.00,True,14,,,
887,OYNA BOLACHA  MAYDA,1,0.15810276679841898,0.23715415019762845,USD,D,2024-07-05,12650.00,True,0,,,
878,NABO'R  APTECHKA,1,4.19,5.0,USD,D,2024-07-03,12650.00,True,0,,,
881,GALOGEN ZPAI H1 ODDIY,1,0.4,0.45,USD,D,2024-07-04,12650.00,True,190,,,
923,Mi2 5202,1,3.5,3.77,USD,D,2024-07-12,12650.00,True,0,,,
905,VD 40,1,1.027,2.0,USD,D,2024-07-08,12650.00,True,3,,,
582,tum worc 6ko'z,1,2.8,3.5,USD,D,2024-06-26,12700.00,True,18,,,
42,BJ salon 41mm oq 12V,1,0.252,1.0,USD,D,2024-06-21,12700.00,True,308,,,
886,KALONKA PIONEER 10SM SETKALI XTOY,1,7.0,16.0,USD,D,2024-07-05,12650.00,True,1,,,
856,SHTEKER XAMUT 3.6X300 OQ,1,0.7,0.95,USD,D,2024-07-02,12650.00,True,7,,,
896,zimmer 880 new,1,8.5,12.0,USD,D,2024-07-06,12650.00,True,7,,,
902,OSV CHO’PLI  MANGO,1,1.976284584980237,2.292490118577075,USD,D,2024-07-08,12650.00,True,3,,,
903,OSV DASHBOARD,1,0.8695652173913043,1.0276679841897234,USD,D,2024-07-08,12650.00,True,84,,,
907,IMULATOR SMLI,1,3.6,5.0,USD,D,2024-07-08,12780.00,True,28,,,
908,TUMBLYO’R,1,0.356,0.4,USD,D,2024-07-08,12650.00,True,5,,,
875,BI LED E3 VAHID 2.5 DYUM,1,41.0,55.0,USD,D,2024-07-03,12650.00,True,1,,,
912,Serena amerika,1,42.0,45.0,USD,D,2024-07-12,12700.00,True,0,,,
915,Gofra,1,0.158,0.236,USD,D,2024-07-12,12700.00,True,50,,,
916,Xamut 10-16,1,0.059,0.062,USD,D,2024-07-12,12700.00,True,100,,,
917,Xamut 22-32,1,0.0748,0.0787,USD,D,2024-07-12,12700.00,True,100,,,
918,Xamut7.-89,1,0.158,0.197,USD,D,2024-07-12,12700.00,True,100,,,
430,RUL CHEX MASAJ,1,1.15,1.25,USD,D,2024-06-25,12700.00,True,14,,,
913,Sm0.50,1,0.181,0.197,USD,M,2024-07-12,12700.00,True,0,,,
192,Osram H4 60/55 oddiy,1,1.26,1.3,USD,D,2024-06-24,12700.00,True,283,,,
645,carbon chexol 101,1,1.26,2.0,USD,D,2024-06-26,12700.00,True,96,,,
890,LED MI2 H3,1,3.0,3.7,USD,D,2024-07-05,12780.00,True,23,,,
879,SIGNAL RAY 12V,1,5.5,6.0,USD,D,2024-07-04,12650.00,True,8,,,
910,LED ZIMMER H1 NEW,1,8.5,9.5,USD,D,2024-07-10,12650.00,True,15,,,
889,tent xl,1,8.8,9.0,USD,D,2024-07-05,12650.00,True,0,,,
871,RADIO YAKOS,1,12.0,15.0,USD,D,2024-07-03,12780.00,True,36,,,
888,IZALENTA LATTA,1,0.55,0.7509881422924901,USD,D,2024-07-05,12780.00,True,78,,,
884,KALONKA PIONEER 650W XTOY,1,11.5,18.0,USD,D,2024-07-05,12650.00,True,22,,,
324,PISHALKA ALPINE SPS-1108,1,11.0,11.5,USD,D,2024-06-24,12700.00,True,11,,,
880,EGAR BELGA,1,1.0,1.1,USD,D,2024-07-04,12650.00,True,7,,,
919,Zimmer 5202,1,8.8,9.1,USD,D,2024-07-12,12700.00,True,1,,,
920,Zimmer 880,1,8.8,9.1,USD,D,2024-07-12,12700.00,True,0,,,
929,Fleshka arzon,1,0.12,0.221,USD,D,2024-07-12,12780.00,True,174,,,
927,Keramika 6 ko'z oq,1,0.237,0.276,USD,D,2024-07-12,12700.00,True,0,,,
176,Malibu len 5m,1,1.76,2.5,USD,D,2024-06-24,12700.00,True,38,,,
928,Shteker H4,1,0.221,0.26,USD,D,2024-07-12,12700.00,True,0,,,
930,MIGALICHKA MAGNITLI 4 TALIGI,1,10.6,11.6,USD,D,2024-07-13,12700.00,True,9,,,
931,Migalicka 1tali,1,2.75,3.4,USD,D,2024-07-13,12700.00,True,1,,,
932,Migalicka 2 tali,1,6.69,8.0,USD,D,2024-07-13,12700.00,True,1,,,
991,sm0.50,1,0.1811,0.197,USD,D,2024-07-15,12700.00,True,300,,,
998,KALONKA PIONEER 500W XTOY,1,14.5,16.0,USD,D,2024-07-20,12650.00,True,14,,,
940,AUX QIZIL,1,0.473,0.552,USD,D,2024-07-14,12700.00,True,10,,,
941,Zimmer E9 pro 880,1,13.5,14.0,USD,D,2024-07-14,12700.00,True,1,,,
945,balansirofka tosh 10,1,0.07,0.0748,USD,D,2024-07-14,12700.00,True,100,,,
946,balansirofka tosh 15,1,0.07,0.0748,USD,D,2024-07-14,12700.00,True,100,,,
947,balansirofka tosh 20,1,0.0866,0.09,USD,D,2024-07-14,12700.00,True,100,,,
948,balansirofka tosh 25,1,0.0866,0.0944,USD,D,2024-07-14,12700.00,True,100,,,
949,balansirofka tosh  30,1,0.0945,0.102,USD,D,2024-07-14,12700.00,True,100,,,
950,balansirofka tosh 35,1,0.1023,0.11,USD,D,2024-07-14,12700.00,True,100,,,
951,taypse shnur,1,0.473,0.552,USD,D,2024-07-14,12700.00,True,10,,,
952,samsung shnur,1,0.394,0.473,USD,D,2024-07-14,12700.00,True,10,,,
973,shteker rele magam,1,0.205,0.236,USD,D,2024-07-15,12700.00,True,0,,,
944,Zimmer E9 pro h1,1,13.5,14.0,USD,D,2024-07-14,12700.00,True,5,,,
995,KALONKA KENWOOD 10CM DUBAI,1,14.5,16.0,USD,D,2024-07-20,12650.00,True,3,,,
987,kapsula qaymo tufta malibu,1,0.142,0.174,USD,D,2024-07-15,12700.00,True,66,,,
936,A+B kley kichigi,1,0.17,0.21,USD,D,2024-07-13,12780.00,True,141,,,
1002,OSV SAMALYOT ARZ,1,2.8,3.2,USD,D,2024-07-20,12650.00,True,380,,,
1004,OSV DEREJABL,1,2.2,3.5,USD,D,2024-07-20,12650.00,True,37,,,
175,Malibu len 3M,1,1.33,2.0,USD,D,2024-06-24,12700.00,True,49,,,
968,XAMUT PLASMAS OQ 3*300,1,0.7,1.02,USD,D,2024-07-14,12700.00,True,47,,,
990,sm 0.75,1,0.26,0.275,USD,D,2024-07-15,12700.00,True,500,,,
967,shteker rele arzoni,1,0.16,0.2,USD,D,2024-07-14,12700.00,True,100,,,
969,shteker rele arzoni,1,0.16,0.2,USD,D,2024-07-15,12700.00,True,100,,,
999,OSV TURBO,1,1.7,2.5,USD,D,2024-07-20,12650.00,True,234,,,
978,tumblor,1,0.355,0.37,USD,D,2024-07-15,12700.00,True,20,,,
644,senter zamok miyya,1,1.6,2.0,USD,D,2024-06-26,12700.00,True,12,,,
980,gaz imulatorm 301,1,2.529,2.75,USD,D,2024-07-15,12700.00,True,10,,,
934,MAGICAR MALIBU,1,8.3,8.5,USD,D,2024-07-13,12700.00,True,0,,,
982,nomer shrup oq,1,0.0236,0.0275,USD,D,2024-07-15,12700.00,True,300,,,
983,nomer shrup qora,1,0.0236,0.0275,USD,D,2024-07-15,12700.00,True,300,,,
985,lasetti chashka,1,2.756,2.99,USD,D,2024-07-15,12700.00,True,3,,,
986,rezina 3lik neksia,1,1.58,1.73,USD,D,2024-07-15,12700.00,True,3,,,
988,kapsula qaymo tufta sarq,1,0.142,0.174,USD,D,2024-07-15,12700.00,True,100,,,
992,rul shlef king,1,5.0,5.5,USD,D,2024-07-15,12700.00,True,4,,,
997,KALONKA SONIY 10SM SETKALI,1,7.0,8.0,USD,D,2024-07-20,12650.00,True,3,,,
939,karandash gaz,1,0.433,0.512,USD,D,2024-07-14,12700.00,True,0,,,
943,Zimmer E9 pro h11,1,13.5,14.0,USD,D,2024-07-14,12700.00,True,0,,,
977,keramika 6 gaz oq,1,0.221,0.26,USD,D,2024-07-15,12700.00,True,145,,,
942,Zimmer E9 pro h7,1,13.5,14.0,USD,D,2024-07-14,12700.00,True,24,,,
974,saka rele,1,2.599,3.0,USD,D,2024-07-15,12700.00,True,0,,,
937,XAMUT PLASMAS QORA 3*300,1,0.7,0.76,USD,D,2024-07-13,12700.00,True,34,,,
989,kumxo t20 1 kon,1,0.41,43.0,USD,D,2024-07-15,12700.00,True,0,,,
953,Niso kichik,1,0.63,0.65,USD,D,2024-07-14,12700.00,True,293,,,
966,shteker rele misligi,1,0.2,0.24,USD,D,2024-07-14,12700.00,True,0,,,
938,shteker h4,1,0.221,0.236,USD,D,2024-07-14,12700.00,True,40,,,
984,kumxo 1 kon sarq yevro,1,0.512,0.513,USD,D,2024-07-15,12700.00,True,10,,,
970,signal malibu,1,5.9,5.9,USD,D,2024-07-15,12700.00,True,3,,,
925,Kalonka xtoy 1.000w XTOY,1,14.0,14.5,USD,D,2024-07-12,12700.00,True,7,,,
965,shteker rele arzoni,1,0.16,0.2,USD,D,2024-07-14,12700.00,True,60,,,
1001,OSV VERTALYOT QIZ ARZ,1,2.2,2.5,USD,D,2024-07-20,12650.00,True,18,,,
1000,OSV VERTALYOT KO'K ARZ,1,2.2,2.5,USD,D,2024-07-20,12650.00,True,18,,,
976,labavoy zar,1,0.709,0.787,USD,D,2024-07-15,12700.00,True,0,,,
621,rul soqqa,1,1.5,1.8,USD,D,2024-06-26,12700.00,True,6,,,
972,rul shleyf king,1,5.0,5.3,USD,D,2024-07-15,12700.00,True,0,,,
993,Diska zashita,1,14.0,16.0,USD,D,2024-07-16,12700.00,True,0,,,
981,Zimmer led h7,1,8.8,9.2,USD,D,2024-07-15,12700.00,True,0,,,
971,karandash gaz,1,0.433,0.511,USD,D,2024-07-15,12700.00,True,0,,,
463,GALOGEN ZPAI H3 ODDIY 12V,1,0.43,1.0,USD,D,2024-06-25,12700.00,True,244,,,
1013,NOWAX 2 BUBLE GUM  CHERRY,1,0.8,1.0,USD,D,2024-07-25,12700.00,True,17,,,
1022,DISKA ZASHITA ORENJ,1,14.0,17.0,USD,D,2024-07-27,12670.00,False,0,,,
1021,DISKA ZASHITA OQ,1,14.0,17.0,USD,D,2024-07-27,12670.00,False,1,,,
1023,NEON QIZIL,1,5.35,6.5,USD,D,2024-07-27,12670.00,False,0,,,
1032,PRIDOX JIGULI KUK BONKALI,1,0.018,0.22,USD,D,2024-07-27,12670.00,False,600,,,
149,Koito 2k sariq,1,0.18,1.0,USD,D,2024-06-24,12700.00,True,80,,,
1035,HOLDER XK 023,1,1.75,2.0,USD,D,2024-07-28,12670.00,False,9,,,
1030,KUMHO T20 2K SARIQ,1,0.73,1.0,USD,D,2024-07-27,12670.00,False,290,,,
1025,GIORDON  KALT RED LINE,1,11.5,15.0,USD,D,2024-07-27,12670.00,False,10,,,
1049,KENWOOD 10SM XTOY,1,7.5,9.0,USD,D,2024-08-11,12850.00,False,8,,,
46,Salon 31mm arzoni qora plata 12V,1,0.158,1.0,USD,D,2024-06-21,12700.00,True,116,,,
1036,GLADE OCEAN,1,1.12,2.0,USD,D,2024-07-28,12670.00,False,162,,,
455,TAXI KICHIGI SARIQ,1,2.0,2.5,USD,D,2024-06-25,12700.00,True,13,,,
1031,PRIDOX JIGULI QIZIL BONKALI,1,0.018,0.3,USD,D,2024-07-27,12670.00,False,700,,,
1026,SALO'N PLATA LACETTI ARZONI,1,1.05,1.3,USD,D,2024-07-27,12670.00,False,58,,,
539,MIGALKA PLATA 2 IN 1,1,2.0,3.0,USD,D,2024-06-25,12700.00,False,179,,,
1029,SALO'N PLATA MATIZ N3 ARZONI,1,0.85,1.0,USD,D,2024-07-27,12670.00,False,63,,,
1039,SHTEKER PRIDOX IDISH QIZIL,1,0.2,0.5,USD,D,2024-07-30,12670.00,False,19,,,
1037,GLADE MORNING FRESHNESS,1,1.12,1.19,USD,D,2024-07-28,12670.00,False,277,,,
1047,LED ZIMMER H7 LUPA,1,13.0,15.0,USD,D,2024-08-11,12670.00,False,7,,,
1115,mashina,3,25000.0,30000.0,USD,D,2024-10-19,15.00,True,140,2.0 turbo,,
885,KALONKA PIONEER 1000W XTOY,1,12.5,13.5,USD,D,2024-07-05,12650.00,True,20,,,
1007,LED ZIMMER H1 NEW,1,8.5,9.5,USD,D,2024-07-21,12650.00,True,1,,,
1024,GIORDON KOBALT KALT NEW,1,11.5,14.0,USD,D,2024-07-27,12670.00,False,6,,,
1033,LED V5 H7,1,11.0,15.0,USD,D,2024-07-27,12670.00,False,6,,,
979,gaz imulator 201,1,2.52,2.75,USD,D,2024-07-15,12700.00,True,0,,,
40,Fleshka qizil plata oq,1,0.315,1.0,USD,D,2024-06-21,12700.00,True,171,,,
1048,LED ZIMMER H11 LUPA,1,12.0,15.0,USD,D,2024-08-11,12670.00,False,9,,,
1028,SALO'N PLATA NEXIA 1-2 ARZONI,1,0.85,1.0,USD,D,2024-07-27,12670.00,False,67,,,
954,radar shnur,1,0.67,1.0,USD,D,2024-07-14,12700.00,True,43,,,
1018,DISKA ZASHITA QIZIL,1,14.0,15.0,USD,D,2024-07-25,12670.00,True,1,,,
344,HOLDER SELICON QORA,1,0.78,1.0,USD,D,2024-06-24,12700.00,True,42,,,
1034,GALOGEN ZPAI 881 ODDIY,1,0.8,1.0,USD,D,2024-07-27,12670.00,False,80,,,
1041,STOP LINIYA,1,4.3,5.0,USD,D,2024-07-31,12670.00,False,3,,,
349,HOLDER EASY ONE TOUCH,1,1.0,1.5,USD,D,2024-06-24,12700.00,True,9,,,
1019,CHIMILDIQ PARDA,1,5.53,6.0,USD,D,2024-07-25,12670.00,True,8,,,
933,Durasell batareyka,1,0.138,0.182,USD,D,2024-07-13,12700.00,True,228,,,
1006,LED ZIMMER Y7D QORA,1,13.9,15.0,USD,D,2024-07-21,12650.00,True,0,,,
1016,SUVINYIR DOG,1,0.71,1.0,USD,D,2024-07-25,12670.00,True,5,,,
354,HOLDER SF-202,1,1.25,2.0,USD,D,2024-06-24,12700.00,True,11,,,
519,TUM MOTO 12SMD 12V,1,1.18,1.0,USD,D,2024-06-25,12700.00,True,34,,,
1027,SALO'N PLATA SPARK ARZONI,1,0.78,1.0,USD,D,2024-07-27,12670.00,False,135,,,
1017,DISKA ZASHITA KUK,1,14.0,16.0,USD,D,2024-07-25,12670.00,True,2,,,
796,shteker cobalt kalenval,1,0.63,0.65,USD,D,2024-06-28,12700.00,True,10,,,
650,carbon chexol 908,1,1.26,2.0,USD,D,2024-06-26,12700.00,True,101,,,
155,Perekurivatel 1500A,1,5.0,11.0,USD,D,2024-06-24,12700.00,True,30,,,
51,T15 N2 N3 zad lupali ko'k plata,1,0.756,1.0,USD,D,2024-06-21,12700.00,True,283,,,
607,magicar 903,1,41.0,44.0,USD,D,2024-06-26,12700.00,True,5,,,
183,Rul chex koja BOSS,1,1.05,1.0,USD,D,2024-06-24,12700.00,False,263,,,
1046,GALOVKA AVTO 5.A,1,1.0,2.0,USD,D,2024-08-07,12670.00,False,61,,,
1011,1K BOMBA SARIQ,1,0.75,1.0,USD,D,2024-07-24,12780.00,True,294,,,
632,k2 ormon mevalari,1,0.21,1.0,USD,D,2024-06-26,12700.00,True,47,,,
228,COBRA ZBORI,1,8.5,9.5,USD,D,2024-06-24,12700.00,True,12,,,
557,LENTA 90SM OQ 12V  MIGALKA,1,1.0,1.0,USD,D,2024-06-26,12700.00,True,43,,,
1040,PEYJER 101,1,8.0,10.0,USD,D,2024-07-31,12670.00,False,3,,,
1043,SIGNAL MARUKO,1,10.3,11.5,USD,D,2024-08-06,12670.00,False,15,,,
269,NEON FIYALETVIY 12V,1,5.35,6.0,USD,D,2024-06-24,12700.00,True,3,,,
77,Lacetti tablo' dio'd mal,1,0.11,1.0,USD,D,2024-06-21,12700.00,True,167,,,
552,LENTA 90SM  YASHIL12V,1,0.35,0.4,USD,D,2024-06-26,12700.00,True,20,,,
221,shteker KNOPKA  01 QORA sekretka,1,0.1,0.15,USD,D,2024-06-24,12700.00,True,1434,,,
553,LENTA 90SM  OQ   12V,1,0.35,0.4,USD,D,2024-06-26,12700.00,True,26,,,
790,shteker gentra americanca sht yarimi,1,0.4,0.5,USD,D,2024-06-28,12700.00,True,101,,,
1103,CARBON CHEXOL MALIBU,1,1.15,2.0,USD,D,2024-10-06,12780.00,True,39,,,
523,OYO SVET RGB 9SMD,1,2.2,2.5,USD,D,2024-06-25,12700.00,True,102,,,
231,KING ZBOR,1,4.5,5.0,USD,D,2024-06-24,12780.00,True,11,,,
4,1K magam sariq,1,0.94,1.0,USD,D,2024-06-21,12700.00,True,14,,,
994,Izlaenta globe,1,0.172,0.196,USD,D,2024-07-16,12700.00,True,1240,,,
638,k2 versage,1,0.21,1.0,USD,D,2024-06-26,12700.00,True,102,,,
746,SALON PLATA MATIZ SVETAFORUZ,1,0.9,1.3,USD,D,2024-06-27,12780.00,True,40,,,
14,T20 Lupa 2K sariq,1,0.95,1.0,USD,D,2024-06-21,12700.00,True,58,,,
1063,OSVEJITEL ISPAN APELSIN,1,0.58,0.65,USD,D,2024-08-18,12680.00,False,100,,,
935,Rele shteker magamed aka,1,0.2,0.236,USD,D,2024-07-13,12700.00,True,502,,,
1076,BEZ SOKL ZAVOD 12V SARIQ,1,0.027,0.035,USD,D,2024-09-22,12700.00,True,2000,,,
1065,OSVEJITEL ISPAN TARVUZ,1,0.58,0.65,USD,D,2024-08-18,12680.00,False,62,,,
1077,GIORDON MERS,1,10.0,11.0,USD,D,2024-09-22,12700.00,True,1,,,
132,Xrustal 24V bez so'kl,1,0.14,1.0,USD,D,2024-06-22,12700.00,True,54,,,
168,LED ZIMMER H11,1,8.0,9.0,USD,D,2024-06-24,12780.00,True,0,,,
74,Gold 12-24V oq,1,0.58,1.0,USD,D,2024-06-21,12700.00,True,1337,,,
193,Osram H7 55W oddiy,1,1.2,1.3,USD,D,2024-06-24,12700.00,True,253,,,
1070,PRIDOX DAEWO ARZ BONKA,1,0.0105,0.25,USD,D,2024-09-18,12700.00,True,2000,,,
1072,PEJER 907,1,22.0,25.0,USD,D,2024-09-18,12700.00,True,10,,,
1073,LED FALCON H11,1,10.5,12.5,USD,D,2024-09-18,12700.00,True,10,,,
1071,PRIDOX JIGILI BONKA,1,0.0164,0.25,USD,D,2024-09-18,12700.00,True,2800,,,
1038,GLADE SHAFTOLI,1,1.12,2.0,USD,D,2024-07-28,12670.00,False,283,,,
1068,KARP,1,0.94,1.5,USD,D,2024-08-20,12680.00,False,20,,,
685,nowax 1x new car,1,0.8,1.0,USD,D,2024-06-26,12700.00,True,26,,,
12,1K sariq dnevnoy,1,0.4,1.0,USD,D,2024-06-21,12700.00,True,34,,,
676,nowax 2x ocean atlantic,1,0.8,1.0,USD,D,2024-06-26,12700.00,True,51,,,
893,SHTEKER FARA ARZONI,1,0.189,0.25,USD,D,2024-07-05,12650.00,True,225,,,
555,LENTA 90SM  SARIQ 12V,1,0.35,0.4,USD,D,2024-06-26,12700.00,True,19,,,
454,GALOGEN RIKE 100\90 ODDIY,1,0.9,1.0,USD,D,2024-06-25,12700.00,True,47,,,
166,LED Y7D  NEW ARE,1,13.0,15.0,USD,D,2024-06-24,12780.00,True,0,,,
1058,OSVEJITEL ISPAN QOVUN,1,0.58,0.65,USD,D,2024-08-18,12680.00,False,67,,,
361,HOLDER H-CT220,1,2.45,2.6,USD,D,2024-06-24,12700.00,True,13,,,
1061,OSVEJITEL ISPAN OLMA,1,0.58,0.65,USD,D,2024-08-18,12680.00,False,72,,,
900,SIGNAL MALIBU OSUN,1,5.6,5.928853754940712,USD,D,2024-07-08,12700.00,True,110,,,
1060,OSVEJITEL ISPAN QULUPNAY,1,0.58,0.65,USD,D,2024-08-18,12680.00,False,0,,,
479,GALOGEN ZPAI H8 ODDIY,1,0.78,0.9,USD,D,2024-06-25,12700.00,True,98,,,
870,KALONKA PIONEER 450W DUBAY,1,37.5,39.0,USD,D,2024-07-03,12650.00,True,3,,,
1066,OSVEJITEL ISPAN O'RMON MEVALARI,1,0.58,0.65,USD,D,2024-08-18,12680.00,False,95,,,
258,BEZ SOKL ZAVOD 12V ODDIY,1,0.017,1.0,USD,D,2024-06-24,12700.00,True,2700,,,
272,KUMHO 1K SARIQ,1,0.37,1.0,USD,D,2024-06-24,12670.00,True,336,,,
342,HOLDER SELICON SERIY,1,0.78,0.78,USD,D,2024-06-24,12700.00,True,63,,,
996,KING DONALI NEW,1,0.9,1.23,USD,D,2024-07-20,12700.00,True,14,,,
659,carbon chexol 909 grey,1,1.26,2.0,USD,D,2024-06-26,12700.00,True,71,,,
1059,OSVEJITEL ISPAN SHAFTOLI,1,0.58,0.65,USD,D,2024-08-18,12680.00,False,66,,,
725,GLISTIY  KAPSULA QAYMO TUFTA OQ 12V,1,0.12,0.16,USD,D,2024-06-26,12700.00,True,113,,,
144,SpIral karobkali oq,1,0.24,1.0,USD,D,2024-06-24,12700.00,True,400,,,
1075,HUD M3,1,10.6,11.5,USD,D,2024-09-22,12700.00,True,19,,,
748,SALO'N PLATA NEKIA 1-2,1,1.15,1.3,USD,D,2024-06-27,12700.00,True,45,,,
480,GALOGEN ZPAI H8B ODDIY,1,1.1,1.3,USD,D,2024-06-25,12700.00,True,125,,,
1015,KUMHO 2K SARIQ,1,0.43,1.0,USD,D,2024-07-25,12670.00,True,386,,,
255,SACA QIZIL,1,2.5,2.55,USD,D,2024-06-24,12700.00,True,241,,,
1067,OSVEJITEL ISPAN BUBLEGUM,1,0.58,0.65,USD,D,2024-08-18,12680.00,False,67,,,
1089,LENTA LABAVOY,1,5.8,7.0,USD,D,2024-09-28,12780.00,True,8,,,
687,nowax 1x sport,1,0.8,1.0,USD,D,2024-06-26,12700.00,True,44,,,
163,LED F10 H11,1,4.0,1.0,USD,D,2024-06-24,12700.00,True,47,,,
805,shteker n3 gentra babina,1,0.63,0.75,USD,D,2024-06-28,12700.00,True,38,,,
802,shteker cobalt spark babina,1,0.63,0.7,USD,D,2024-06-28,12700.00,True,53,,,
429,RUL CHEX VERSACHE,1,1.15,1.25,USD,D,2024-06-25,12700.00,True,8,,,
1064,OSVEJITEL ISPAN MALINA,1,0.58,0.65,USD,D,2024-08-18,12680.00,False,57,,,
837,PRIDOX LACETTI BONKALI,1,0.035,0.05,USD,D,2024-06-28,12700.00,True,300,,,
1080,NOWAX 1X COCONUT,1,0.8,0.85,USD,D,2024-09-26,12700.00,True,13,,,
502,KALONKA PIONEER 10SM XTOY,1,5.5,7.0,USD,D,2024-06-25,12700.00,True,15,,,
839,PRIDOX SPARK+KOBALT,1,0.035,0.05,USD,D,2024-06-28,12700.00,True,1400,,,
819,shteker cobalt temperatura,1,0.24,3.0,USD,D,2024-06-28,12700.00,True,45,,,
726,GLISTIY  KAPSULA QAYMO TUFTA SARIQ 12V,1,0.12,0.16,USD,D,2024-06-26,12700.00,True,30,,,
240,RELE UNIVERSAL 2K,1,0.25,0.3,USD,D,2024-06-24,12700.00,True,935,,,
367,HOLDER TANGA,1,0.34,0.35,USD,D,2024-06-24,12700.00,True,20,,,
1082,NOWAX 1X COFFE,1,0.8,0.99,USD,D,2024-09-26,12700.00,True,14,,,
328,RIGISTRATOR PHILPS,1,32.5,34.0,USD,D,2024-06-24,12700.00,True,9,,,
276,KUMHO T20 SARIQ 1K,1,0.55,1.0,USD,D,2024-06-24,12700.00,False,145,,,
484,GALOGEN ZPAI 880 KO'K,1,0.8,1.0,USD,D,2024-06-25,12700.00,True,96,,,
1062,OSVEJITEL ISPAN LIMON,1,0.58,0.65,USD,D,2024-08-18,12680.00,False,62,,,
1086,LED ZIMMER H3,1,8.0,8.5,USD,D,2024-09-28,12780.00,True,10,,,
1093,NOWAX 2X BABL VANILLA,1,0.8,0.95,USD,D,2024-09-29,12780.00,True,30,,,
54,semechka mal arz 12V,1,0.029,1.0,USD,D,2024-06-21,12700.00,True,1940,,,
209,PIONEER TS-6A TULPAN,1,5.0,8.0,USD,D,2024-06-24,12700.00,True,12,,,
678,nowax 1x vanilla,1,0.8,1.0,USD,D,2024-06-26,12700.00,True,14,,,
55,Semechka oq arz 12V,1,0.029,1.0,USD,D,2024-06-21,12700.00,True,1045,,,
684,nowax 1x black ice,1,0.8,1.0,USD,D,2024-06-26,12700.00,True,73,,,
146,Koito T20 1k,1,0.16,1.0,USD,D,2024-06-24,12700.00,True,41,,,
1104,CARBON CHEXOL ONIX,1,1.57,2.3,USD,D,2024-10-06,12780.00,True,26,,,
1083,NOWAX 1X MANGO,1,0.8,95.0,USD,D,2024-09-26,12700.00,True,29,,,
683,nowax 1x wilderry,1,0.8,1.0,USD,D,2024-06-26,12700.00,True,51,,,
1078,NOWAX 1X SHAFTOLI,1,0.8,0.85,USD,D,2024-09-26,12700.00,True,50,,,
352,HOLDER SHAXAR,1,1.15,1.35,USD,D,2024-06-24,12700.00,True,39,,,
735,GLISTIY SAMSUNG QIZIL 12V,1,0.25,0.35,USD,D,2024-06-26,12700.00,True,25,,,
364,HOLDER F59,1,1.5,2.0,USD,D,2024-06-24,12700.00,True,13,,,
1088,OSRAM H1 55W,1,0.8,0.95,USD,D,2024-09-28,12780.00,True,80,,,
105,Farfo'r xrustal bez so'kl oq,1,0.113,1.0,USD,D,2024-06-21,12700.00,True,833,,,
1087,KULLER 1K OQ,1,1.64,2.2,USD,D,2024-09-28,12780.00,True,100,,,
1090,GIORDON BMW,1,10.0,11.0,USD,D,2024-09-28,12780.00,True,5,,,
836,PRIDOX DAEWO BONKALI ARALASH,1,0.03,0.045,USD,D,2024-06-28,12700.00,True,65,,,
1091,MALISH XRUSTAL 12V,1,0.235,0.35,USD,D,2024-09-28,12780.00,True,200,,,
356,HOLDER LH-008,1,1.3,1.6,USD,D,2024-06-24,12700.00,True,18,,,
1092,NEON ORANGE,1,3.53,5.0,USD,D,2024-09-29,12780.00,True,5,,,
481,GALOGEN LEZEN H3 KUK 100W,1,0.4,1.0,USD,D,2024-06-25,12700.00,True,118,,,
370,HOLDER UN 148,1,2.7,3.0,USD,D,2024-06-24,12700.00,True,42,,,
1096,NOWAX 2X VANILLA COCONUT,1,0.8,0.85,USD,D,2024-09-29,12780.00,True,30,,,
1095,NOWAX 2X SPORT NEW CAR,1,0.8,0.85,USD,D,2024-09-29,12780.00,True,30,,,
61,1k 64 gaz gupka oq,1,0.748,1.0,USD,D,2024-06-21,12700.00,True,145,,,
681,nowax 1x peach,1,0.8,1.0,USD,D,2024-06-26,12700.00,True,27,,,
1085,HOLDER C8,1,3.5,5.0,USD,D,2024-09-27,12780.00,True,7,,,
56,Semechka yashil arz 12V,1,0.029,1.0,USD,D,2024-06-21,12700.00,True,442,,,
60,Semechka sarq arz 12V,1,0.029,1.0,USD,D,2024-06-21,12700.00,True,393,,,
312,KALONKA KENWOOD 500W DUBAI,1,36.5,45.0,USD,D,2024-06-24,12700.00,True,8,,,
1097,NOWAX 1X QULUPNOY,1,0.8,0.85,USD,D,2024-09-29,12780.00,True,5,,,
688,nowax 1x ocean,1,0.8,1.0,USD,D,2024-06-26,12700.00,True,31,,,
680,nowax 1x cherry,1,0.8,1.0,USD,D,2024-06-26,12700.00,True,22,,,
679,nowax 1x anti tobacco,1,0.8,1.0,USD,D,2024-06-26,12700.00,True,21,,,
674,NOWAX 1X BUBLE GUM,1,0.8,1.0,USD,D,2024-06-26,12700.00,True,10,,,
689,nowax 1x platinum,1,0.85,1.0,USD,D,2024-06-26,12700.00,True,17,,,
90,Fleshka qizil are,1,0.3,1.0,USD,D,2024-06-21,12700.00,True,80,,,
1094,NOWAX 2X MANGO COCONUT,1,0.8,0.85,USD,D,2024-09-29,12780.00,True,13,,,
292,TUM DAYTIME SPLASHNOY OQ,1,1.74,2.0,USD,D,2024-06-24,12700.00,True,4,,,
152,Perekurivatel 500A,1,3.4,111.0,USD,D,2024-06-24,12700.00,True,39,,,
83,18 ko'z bez so'kl,1,0.35,1.0,USD,D,2024-06-21,12700.00,True,70,,,
1081,NOWAX 1X LIMON,1,0.8,1.0,USD,D,2024-09-26,12700.00,True,28,,,
677,nowax 2x peach strawberry,1,0.8,1.0,USD,D,2024-06-26,12700.00,True,47,,,
1105,SIGNAL MALIBU XXL,1,5.17,7.0,USD,D,2024-10-07,12780.00,True,279,,,
490,GALOGEN LEZEN 880 ODDIY,1,0.8,1.0,USD,D,2024-06-25,12700.00,True,97,,,
